_id,userId,timestamp,sessionId,location,cause,__v
696b3ea4aa3e566deb22ea62,696b3bc5aa3e566deb22ea19,2026-01-17T13:17:48.229Z,unreal_death_1768636068229,Unknown,Unknown,0
696b3f4eaa3e566deb22ea74,696b3bc5aa3e566deb22ea19,2026-01-17T13:20:38.331Z,unreal_death_1768636238331,Unknown,Unknown,0
696b3f7daa3e566deb22ea7a,696b3bc5aa3e566deb22ea19,2026-01-17T13:21:25.146Z,unreal_death_1768636285146,Unknown,Unknown,0
696b40c3aa3e566deb22ea9b,696b3bc5aa3e566deb22ea19,2026-01-17T13:26:51.222Z,unreal_death_1768636611222,Unknown,Unknown,0
696b432faa3e566deb22eada,696b3bc5aa3e566deb22ea19,2026-01-17T13:37:11.926Z,unreal_death_1768637231926,Unknown,Unknown,0
696b6dfc349788098ef5f247,696b6d87349788098ef5f237,2026-01-17T16:39:48.153Z,unreal_death_1768648188153,Unknown,Unknown,0
696b6f65349788098ef5f26b,696b6d87349788098ef5f237,2026-01-17T16:45:49.788Z,unreal_death_1768648549788,Unknown,Unknown,0
696b6fa7349788098ef5f271,696b6d87349788098ef5f237,2026-01-17T16:46:55.249Z,unreal_death_1768648615249,Unknown,Unknown,0
696b703e349788098ef5f280,696b6d87349788098ef5f237,2026-01-17T16:49:26.821Z,unreal_death_1768648766821,Unknown,Unknown,0
696b711e349788098ef5f295,696b6d87349788098ef5f237,2026-01-17T16:53:10.229Z,unreal_death_1768648990229,Unknown,Unknown,0
696b758f349788098ef5f307,696b6d87349788098ef5f237,2026-01-17T17:12:07.219Z,unreal_death_1768650127219,Unknown,Unknown,0
696b75b8349788098ef5f30a,696b6d87349788098ef5f237,2026-01-17T17:12:48.538Z,unreal_death_1768650168538,Unknown,Unknown,0
696b76d6349788098ef5f325,696b6d87349788098ef5f237,2026-01-17T17:17:34.157Z,unreal_death_1768650454157,Unknown,Unknown,0
696b9f8effc136dccbdac8a9,696b9d8bffc136dccbdac872,2026-01-17T20:11:18.967Z,unreal_death_1768660878967,Unknown,Unknown,0
696ba13cffc136dccbdac8df,696b9d8bffc136dccbdac872,2026-01-17T20:18:28.142Z,unreal_death_1768661308142,Unknown,Unknown,0
696ba299ffc136dccbdac8f7,696b9d8bffc136dccbdac872,2026-01-17T20:24:17.143Z,unreal_death_1768661657143,Unknown,Unknown,0
696ba407ffc136dccbdac925,696b9d8bffc136dccbdac872,2026-01-17T20:30:23.410Z,unreal_death_1768662023410,Unknown,Unknown,0
696ba484ffc136dccbdac931,696b9d8bffc136dccbdac872,2026-01-17T20:32:28.090Z,unreal_death_1768662148090,Unknown,Unknown,0
696ba4aeffc136dccbdac937,696b9d8bffc136dccbdac872,2026-01-17T20:33:10.500Z,unreal_death_1768662190500,Unknown,Unknown,0
696ba4edffc136dccbdac93d,696b9d8bffc136dccbdac872,2026-01-17T20:34:13.773Z,unreal_death_1768662253773,Unknown,Unknown,0
696ba525ffc136dccbdac943,696b9d8bffc136dccbdac872,2026-01-17T20:35:09.327Z,unreal_death_1768662309327,Unknown,Unknown,0
696ba58effc136dccbdac94f,696b9d8bffc136dccbdac872,2026-01-17T20:36:54.456Z,unreal_death_1768662414456,Unknown,Unknown,0
696ba5bdffc136dccbdac955,696b9d8bffc136dccbdac872,2026-01-17T20:37:41.042Z,unreal_death_1768662461042,Unknown,Unknown,0
696bae898f7ebf2f61ad37f7,696bac848f7ebf2f61ad37b8,2026-01-17T21:15:13.786Z,unreal_death_1768664713786,Unknown,Unknown,0
696baecc8f7ebf2f61ad37fd,696bac848f7ebf2f61ad37b8,2026-01-17T21:16:20.448Z,unreal_death_1768664780448,Unknown,Unknown,0
696baf1d8f7ebf2f61ad3806,696bac848f7ebf2f61ad37b8,2026-01-17T21:17:41.052Z,unreal_death_1768664861052,Unknown,Unknown,0
696bb0068f7ebf2f61ad3818,696bac848f7ebf2f61ad37b8,2026-01-17T21:21:34.405Z,unreal_death_1768665094405,Unknown,Unknown,0
696bb03d8f7ebf2f61ad381e,696bac848f7ebf2f61ad37b8,2026-01-17T21:22:29.860Z,unreal_death_1768665149860,Unknown,Unknown,0
696bb1c98f7ebf2f61ad3871,696bac848f7ebf2f61ad37b8,2026-01-17T21:29:05.489Z,unreal_death_1768665545489,Unknown,Unknown,0
696bb25d8f7ebf2f61ad388c,696bac848f7ebf2f61ad37b8,2026-01-17T21:31:33.352Z,unreal_death_1768665693352,Unknown,Unknown,0
696bb2f18f7ebf2f61ad38b6,696bac848f7ebf2f61ad37b8,2026-01-17T21:34:01.412Z,unreal_death_1768665841412,Unknown,Unknown,0
696bb3108f7ebf2f61ad38bc,696bac848f7ebf2f61ad37b8,2026-01-17T21:34:32.965Z,unreal_death_1768665872965,Unknown,Unknown,0
696bb3538f7ebf2f61ad38c8,696bb0538f7ebf2f61ad3826,2026-01-17T21:35:39.427Z,unreal_death_1768665939427,Unknown,Unknown,0
696bb3be8f7ebf2f61ad38da,696bac848f7ebf2f61ad37b8,2026-01-17T21:37:26.384Z,unreal_death_1768666046384,Unknown,Unknown,0
696bb880e00b9706f38e9c8b,696bb787e00b9706f38e9c75,2026-01-17T21:57:44.251Z,unreal_death_1768667264251,Unknown,Unknown,0
696bb970e00b9706f38e9cb2,696bb787e00b9706f38e9c75,2026-01-17T22:01:44.256Z,unreal_death_1768667504256,Unknown,Unknown,0
696bba82e00b9706f38e9ce8,696bb91be00b9706f38e9c9c,2026-01-17T22:06:18.097Z,unreal_death_1768667778097,Unknown,Unknown,0
696bbb34e00b9706f38e9cfa,696bb787e00b9706f38e9c75,2026-01-17T22:09:16.035Z,unreal_death_1768667956035,Unknown,Unknown,0
696bbbdee00b9706f38e9d09,696bb787e00b9706f38e9c75,2026-01-17T22:12:06.425Z,unreal_death_1768668126425,Unknown,Unknown,0
696bbc2de00b9706f38e9d15,696bb787e00b9706f38e9c75,2026-01-17T22:13:25.265Z,unreal_death_1768668205265,Unknown,Unknown,0
696bbdcfe00b9706f38e9d3f,696bb787e00b9706f38e9c75,2026-01-17T22:20:23.551Z,unreal_death_1768668623551,Unknown,Unknown,0
696bd79de17a5b0f1bb5a937,696bb91be00b9706f38e9c9c,2026-01-18T00:10:29.769Z,unreal_death_1768675229769,Unknown,Unknown,0
696bd8b9e17a5b0f1bb5a952,696bb91be00b9706f38e9c9c,2026-01-18T00:15:13.748Z,unreal_death_1768675513748,Unknown,Unknown,0
696bd9e1e17a5b0f1bb5a970,696bb91be00b9706f38e9c9c,2026-01-18T00:20:09.734Z,unreal_death_1768675809734,Unknown,Unknown,0
696bda5ae17a5b0f1bb5a97c,696bb91be00b9706f38e9c9c,2026-01-18T00:22:10.647Z,unreal_death_1768675930647,Unknown,Unknown,0
696bdad2e17a5b0f1bb5a992,696bb91be00b9706f38e9c9c,2026-01-18T00:24:10.351Z,unreal_death_1768676050351,Unknown,Unknown,0
696bdb6ee17a5b0f1bb5a9aa,696bb91be00b9706f38e9c9c,2026-01-18T00:26:46.609Z,unreal_death_1768676206609,Unknown,Unknown,0
696bdc20e17a5b0f1bb5a9ce,696bb91be00b9706f38e9c9c,2026-01-18T00:29:44.195Z,unreal_death_1768676384195,Unknown,Unknown,0
696bdd94e17a5b0f1bb5aa16,696bb91be00b9706f38e9c9c,2026-01-18T00:35:56.481Z,unreal_death_1768676756481,Unknown,Unknown,0
696bde05e17a5b0f1bb5aa2b,696bb91be00b9706f38e9c9c,2026-01-18T00:37:49.402Z,unreal_death_1768676869402,Unknown,Unknown,0
696bde42e17a5b0f1bb5aa3a,696bb0538f7ebf2f61ad3826,2026-01-18T00:38:50.022Z,unreal_death_1768676930022,Unknown,Unknown,0
696bde53e17a5b0f1bb5aa40,696bb91be00b9706f38e9c9c,2026-01-18T00:39:07.468Z,unreal_death_1768676947468,Unknown,Unknown,0
696bdf34e17a5b0f1bb5aa58,696bb0538f7ebf2f61ad3826,2026-01-18T00:42:52.648Z,unreal_death_1768677172648,Unknown,Unknown,0
696be0e0e17a5b0f1bb5aa91,696bb0538f7ebf2f61ad3826,2026-01-18T00:50:00.589Z,unreal_death_1768677600589,Unknown,Unknown,0
696c4fa587fbc37a6c0bd6df,696c4e5987fbc37a6c0bd6a6,2026-01-18T08:42:37.658Z,unreal_death_1768705957658,Unknown,Unknown,0
