_id,userId,modeId,timestamp,metrics.itemsCollected,metrics.heartsCollected,metrics.coinsCollected,metrics.timeNearInteractables,metrics.pickupAttempts,metrics.enemiesHit,metrics.damageDone,metrics.timeInCombat,metrics.distanceTraveled,metrics.timeOutOfCombat,metrics.timeSprinting,events.playerDeath,__v
696b3c0faa3e566deb22ea21,696b3bc5aa3e566deb22ea19,1,2026-01-17T13:06:47.106Z,2,2,0,8.26951790228486,5,0,0,0,9077.624647420482,32.02350439503789,3.4080912992358208,false,0
696b3c2daa3e566deb22ea24,696b3bc5aa3e566deb22ea19,1,2026-01-17T13:07:17.029Z,5,2,3,1.244608499109745,6,3,7,2.696336902678013,11524.26394967118,27.29494009912014,6.113565199077129,false,0
696b3c4baa3e566deb22ea27,696b3bc5aa3e566deb22ea19,1,2026-01-17T13:07:47.029Z,1,0,1,1.5333640947937965,5,15,58,12.763056300580502,5187.301949614993,17.247162394225597,1.8994993977248669,false,0
696b3c69aa3e566deb22ea2a,696b3bc5aa3e566deb22ea19,1,2026-01-17T13:08:17.010Z,3,1,2,0.9433546997606754,5,6,22,2.749209303408861,11776.69439063345,27.244446899741888,12.075039900839329,false,0
696b3c87aa3e566deb22ea2d,696b3bc5aa3e566deb22ea19,1,2026-01-17T13:08:47.256Z,3,2,1,1.3709452971816063,5,12,40,12.886108499020338,8175.212180070006,17.11247429996729,3.9898800998926163,false,0
696b3ca5aa3e566deb22ea30,696b3bc5aa3e566deb22ea19,1,2026-01-17T13:09:17.009Z,2,2,0,6.176720101386309,9,0,0,0,11855.539153182825,30.00080780312419,14.198403399437666,false,0
696b3cc3aa3e566deb22ea33,696b3bc5aa3e566deb22ea19,1,2026-01-17T13:09:47.025Z,2,0,2,1.7338946983218193,4,0,0,0.9920962005853653,10447.994323227736,29.00514729693532,2.789877399802208,false,0
696b3ce1aa3e566deb22ea36,696b3bc5aa3e566deb22ea19,1,2026-01-17T13:10:17.026Z,2,1,1,0.7179630994796753,2,20,63,16.636910896748304,5842.173380408904,13.372265305370092,4.250105798244476,false,0
696b3cffaa3e566deb22ea39,696b3bc5aa3e566deb22ea19,1,2026-01-17T13:10:47.010Z,2,1,1,1.1657925993204117,2,7,28,6.636690799146891,9848.986023707195,23.359048299491405,5.2482801005244255,false,0
696b3d1daa3e566deb22ea3c,696b3bc5aa3e566deb22ea19,1,2026-01-17T13:11:17.004Z,2,0,2,1.1535602025687695,4,17,70,16.672865197062492,4147.418557644111,13.321053698658943,0,false,0
696b3d3baa3e566deb22ea3f,696b3bc5aa3e566deb22ea19,1,2026-01-17T13:11:47.028Z,3,2,1,0.581649299710989,4,6,23,4.316940099000931,11840.694269577358,25.69448719918728,6.615263499319553,false,0
696b3d59aa3e566deb22ea42,696b3bc5aa3e566deb22ea19,1,2026-01-17T13:12:17.013Z,3,2,1,0.9695288985967636,3,8,34,7.372322998940945,10234.222760696246,22.62135049700737,4.626349899917841,false,0
696b3d77aa3e566deb22ea45,696b3bc5aa3e566deb22ea19,1,2026-01-17T13:12:47.049Z,3,0,3,0.8296262994408607,3,9,34,9.114549495279789,9361.718226209345,20.889147102832794,7.918378699570894,false,0
696b3d95aa3e566deb22ea48,696b3bc5aa3e566deb22ea19,1,2026-01-17T13:13:17.024Z,5,2,3,1.4502186961472034,7,15,53,13.090940799564123,8582.941856311338,16.904200300574303,7.461787801235914,false,0
696b3db3aa3e566deb22ea4b,696b3bc5aa3e566deb22ea19,1,2026-01-17T13:13:47.020Z,1,1,0,0.29898739978671074,2,18,60,13.486586395651102,11912.047865156235,16.51484140381217,6.988081399351358,false,0
696b3dd1aa3e566deb22ea4e,696b3bc5aa3e566deb22ea19,1,2026-01-17T13:14:17.015Z,2,0,2,5.905878201127052,5,5,17,2.3973976001143456,9669.938049566214,27.603559501469135,5.813474200665951,false,0
696b3defaa3e566deb22ea51,696b3bc5aa3e566deb22ea19,1,2026-01-17T13:14:47.032Z,3,3,0,1.0744413025677204,4,14,46,12.080146797001362,8758.123095922918,17.922253403812647,8.54743729904294,false,0
696b3e0daa3e566deb22ea54,696b3bc5aa3e566deb22ea19,1,2026-01-17T13:15:17.175Z,4,1,3,2.1434485018253326,5,0,0,0.9995974004268646,11652.297569602144,29.003729697316885,0.9312107972800732,false,0
696b3e2baa3e566deb22ea57,696b3bc5aa3e566deb22ea19,1,2026-01-17T13:15:47.017Z,2,0,2,0.279507402330637,2,21,64,16.413822002708912,7382.375228391006,13.575804203748703,8.4738058000803,false,0
696b3e55aa3e566deb22ea5a,696b3bc5aa3e566deb22ea19,3,2026-01-17T13:16:29.376Z,5,1,4,1.2936983965337276,5,0,0,0,9393.531363298898,30.008080899715424,1.6467050984501839,false,0
696b3e73aa3e566deb22ea5d,696b3bc5aa3e566deb22ea19,3,2026-01-17T13:16:59.351Z,1,1,0,0.3098466023802757,1,17,171,16.04902860149741,6999.964396234164,13.9420794993639,2.8410934023559093,false,0
696b3e91aa3e566deb22ea60,696b3bc5aa3e566deb22ea19,3,2026-01-17T13:17:29.533Z,1,0,1,0.3943111002445221,1,12,123.49999999999997,11.08805600181222,9878.853987845718,18.919188391417265,6.0950617007911205,false,0
696b3ecdaa3e566deb22ea66,696b3bc5aa3e566deb22ea19,3,2026-01-17T13:18:29.146Z,2,0,2,0.5401234999299049,2,2,32.66666666666667,5.915237598121166,11990.193041582885,26.09869420155883,14.393676798790693,false,0
696b3eebaa3e566deb22ea69,696b3bc5aa3e566deb22ea19,3,2026-01-17T13:18:59.130Z,2,2,0,2.166137397289276,3,3,32.333333333333336,5.730603098869324,8201.31992583212,24.27069739997387,6.61412850022316,false,0
696b3f09aa3e566deb22ea6c,696b3bc5aa3e566deb22ea19,3,2026-01-17T13:19:29.135Z,0,0,0,0,0,8,81,13.884325601160526,6397.249982048554,16.114471897482872,0.53965799883008,false,0
696b3f27aa3e566deb22ea6f,696b3bc5aa3e566deb22ea19,3,2026-01-17T13:19:59.140Z,0,0,0,22.199129302054644,0,0,0,0,4301.406498442169,29.9990871027112,6.235979702323675,false,0
696b3f45aa3e566deb22ea72,696b3bc5aa3e566deb22ea19,3,2026-01-17T13:20:29.133Z,0,0,0,12.016398698091507,1,0,0,0,8711.94292629178,30.00340109691024,8.559624500572681,false,0
696b3f76aa3e566deb22ea78,696b3bc5aa3e566deb22ea19,3,2026-01-17T13:21:18.232Z,2,1,1,3.100031703710556,8,0,0,2.5289171002805233,11167.718207866774,29.493518497794867,11.840201698243618,false,0
696b3fa5aa3e566deb22ea7e,696b3bc5aa3e566deb22ea19,3,2026-01-17T13:22:05.972Z,3,2,1,1.1154650039970875,6,0,0,0,12745.03640796286,32.01551780104637,14.223195295780897,false,0
696b3fc3aa3e566deb22ea81,696b3bc5aa3e566deb22ea19,3,2026-01-17T13:22:35.998Z,4,0,4,0.6704554967582226,5,0,0,0,14087.479129515172,30.006392300128937,15.184196900576353,false,0
696b3fe2aa3e566deb22ea84,696b3bc5aa3e566deb22ea19,3,2026-01-17T13:23:06.032Z,1,1,0,0.3752797991037369,1,0,0,0,12002.980200721548,29.997228000313044,0,false,0
696b4000aa3e566deb22ea87,696b3bc5aa3e566deb22ea19,3,2026-01-17T13:23:36.016Z,0,0,0,0,0,4,65.33333333333334,10.707754399627447,6897.785906922839,19.288859598338604,0,false,0
696b401daa3e566deb22ea8a,696b3bc5aa3e566deb22ea19,3,2026-01-17T13:24:05.980Z,0,0,0,0,0,8,66.66666666666667,8.968958400189877,7530.3274887259095,21.039078801870346,0,false,0
696b403baa3e566deb22ea8d,696b3bc5aa3e566deb22ea19,3,2026-01-17T13:24:35.976Z,2,1,1,2.276732001453638,7,1,8,3.2346314005553722,10596.788303074081,26.76147909834981,0,false,0
696b4059aa3e566deb22ea90,696b3bc5aa3e566deb22ea19,3,2026-01-17T13:25:05.983Z,6,2,4,2.2849170975387096,9,0,0,0,13062.027045085502,30.00610899925232,5.553498100489378,false,0
696b4077aa3e566deb22ea93,696b3bc5aa3e566deb22ea19,3,2026-01-17T13:25:35.975Z,0,0,0,0,0,0,0,0,12300.597539398033,29.990513805299997,0,false,0
696b4095aa3e566deb22ea96,696b3bc5aa3e566deb22ea19,3,2026-01-17T13:26:05.979Z,0,0,0,0,0,0,0,0,13481.153052342515,29.99852179735899,1.5525266975164413,false,0
696b40b3aa3e566deb22ea99,696b3bc5aa3e566deb22ea19,3,2026-01-17T13:26:35.992Z,3,2,1,1.247776996344328,5,0,0,0,13812.833622902093,30.003521099686623,6.313781898468733,false,0
696b40ecaa3e566deb22ea9f,696b3bc5aa3e566deb22ea19,2,2026-01-17T13:27:32.163Z,6,2,4,4.149155095219612,10,0,0,0,13141.684917198323,32.02410880103707,16.142964094877243,false,0
696b410aaa3e566deb22eaa2,696b3bc5aa3e566deb22ea19,2,2026-01-17T13:28:02.153Z,1,1,0,0.7801310978829861,3,2,10,6.9403713978827,10304.006723499375,23.051236499100924,8.85617409646511,false,0
696b4128aa3e566deb22eaa5,696b3bc5aa3e566deb22ea19,2,2026-01-17T13:28:32.223Z,4,1,3,0.8794394060969353,4,13,70,12.89503350481391,7492.588176043238,17.102124195545912,0,false,0
696b4146aa3e566deb22eaa8,696b3bc5aa3e566deb22ea19,2,2026-01-17T13:29:02.167Z,2,0,2,0.1352952979505062,2,0,0,0,13604.84821078263,30.004644703119993,14.297029603272676,false,0
696b4164aa3e566deb22eaab,696b3bc5aa3e566deb22ea19,2,2026-01-17T13:29:32.156Z,6,5,1,1.0149309001863003,6,0,0,0,12843.303991129573,29.998896200209856,3.218034502118826,false,0
696b4182aa3e566deb22eaae,696b3bc5aa3e566deb22ea19,2,2026-01-17T13:30:02.163Z,1,1,0,0.15523239970207214,2,0,0,0,12356.155944132062,29.99688359722495,0,false,0
696b41a0aa3e566deb22eab1,696b3bc5aa3e566deb22ea19,2,2026-01-17T13:30:32.201Z,4,1,3,1.1514020003378391,4,5,31.66666666666667,1.4854497015476227,11898.44088808019,28.52300249785185,0,false,0
696b41c0aa3e566deb22eab4,696b3bc5aa3e566deb22ea19,2,2026-01-17T13:31:04.567Z,0,0,0,0,0,9,41.66666666666667,2.4830635003745556,11424.840258304626,27.51666469871998,0,false,0
696b41deaa3e566deb22eab7,696b3bc5aa3e566deb22ea19,2,2026-01-17T13:31:34.595Z,3,2,1,0.8507510013878345,3,3,16.666666666666668,3.209008201956749,12909.777349416121,26.78442619740963,9.819369699805975,false,0
696b41fcaa3e566deb22eaba,696b3bc5aa3e566deb22ea19,2,2026-01-17T13:32:04.572Z,1,0,1,0.2173788994550705,1,2,13.333333333333334,3.3022532984614372,13269.783912237917,26.703884303569794,10.62196059897542,false,0
696b421aaa3e566deb22eabd,696b3bc5aa3e566deb22ea19,2,2026-01-17T13:32:34.567Z,7,2,5,1.3858006931841373,7,0,0,0,12756.245386123444,29.999644201248884,4.004915099591017,false,0
696b4238aa3e566deb22eac0,696b3bc5aa3e566deb22ea19,2,2026-01-17T13:33:04.605Z,1,1,0,0.26414870098233223,1,0,0,0,12493.703959999233,29.99926409870386,0,false,0
696b4256aa3e566deb22eac3,696b3bc5aa3e566deb22ea19,2,2026-01-17T13:33:34.565Z,4,2,2,2.5357986986637115,6,0,0,0,12057.274087765149,29.994413498789072,0,false,0
696b4274aa3e566deb22eac6,696b3bc5aa3e566deb22ea19,2,2026-01-17T13:34:04.562Z,0,0,0,0,0,27,148.33333333333334,17.093208700418472,6762.981677135294,12.908804900944233,5.122687999159098,false,0
696b4292aa3e566deb22eac9,696b3bc5aa3e566deb22ea19,2,2026-01-17T13:34:34.569Z,5,3,2,1.1449628956615925,5,15,96.66666666666667,12.887615598738194,8850.528935368658,17.11694459989667,3.746392399072647,false,0
696b42b2aa3e566deb22eacc,696b3bc5aa3e566deb22ea19,2,2026-01-17T13:35:06.698Z,0,0,0,0,1,13,80.00000000000001,9.155916702002287,8767.950382812782,20.836760196834803,5.50772849842906,false,0
696b42d0aa3e566deb22eacf,696b3bc5aa3e566deb22ea19,2,2026-01-17T13:35:36.686Z,5,3,2,1.728695798665285,5,1,5,0.9868365004658699,14045.065152116578,29.020345501601696,12.991324499249458,false,0
696b42eeaa3e566deb22ead2,696b3bc5aa3e566deb22ea19,2,2026-01-17T13:36:06.673Z,2,1,1,0.599550299346447,2,0,0,0,12802.216332789867,30.001380000263453,4.8714379966259,false,0
696b430caa3e566deb22ead5,696b3bc5aa3e566deb22ea19,2,2026-01-17T13:36:36.672Z,4,3,1,0.7746430970728397,4,5,28.333333333333336,6.690196797251701,11104.896101383612,23.30674010142684,3.5745981968939304,false,0
696b432aaa3e566deb22ead8,696b3bc5aa3e566deb22ea19,2,2026-01-17T13:37:06.673Z,0,0,0,0.7959797978401184,2,6,36.66666666666667,4.528138503432274,14281.287333691607,25.47393549606204,3.7379685007035732,false,0
696b6dcc349788098ef5f242,696b6d87349788098ef5f237,1,2026-01-17T16:39:00.801Z,0,0,0,1.5629699975252151,0,0,0,2.5182696990668774,8450.23631171959,29.549783401191235,0.09296800196170807,false,0
696b6dea349788098ef5f245,696b6d87349788098ef5f237,1,2026-01-17T16:39:30.720Z,0,0,0,0,0,0,0,0,9177.656994860852,29.98833640292287,10.994824405759573,false,0
696b6e39349788098ef5f24b,696b6d87349788098ef5f237,1,2026-01-17T16:40:49.465Z,0,0,0,5.386562202125788,7,0,0,2.520845800638199,8268.321700711831,29.525001503527164,11.619079798460007,false,0
696b6e57349788098ef5f24e,696b6d87349788098ef5f237,1,2026-01-17T16:41:19.435Z,0,0,0,0,0,0,0,0,8215.64753407239,30.03311900049448,5.2805783078074455,false,0
696b6e75349788098ef5f251,696b6d87349788098ef5f237,1,2026-01-17T16:41:49.428Z,0,0,0,0,0,0,0,2.9939691983163357,9460.918148930312,26.972637597471476,0,false,0
696b6e93349788098ef5f254,696b6d87349788098ef5f237,1,2026-01-17T16:42:19.416Z,0,0,0,11.925879996269941,30,5,84,12.47136690095067,2251.974660238881,17.54117150232196,0,false,0
696b6eb1349788098ef5f257,696b6d87349788098ef5f237,1,2026-01-17T16:42:49.364Z,0,0,0,0,0,4,84,6.524246901273727,5832.171929278098,23.472172796726227,0,false,0
696b6ecf349788098ef5f25a,696b6d87349788098ef5f237,1,2026-01-17T16:43:19.396Z,0,0,0,8.615597102791071,6,0,0,2.506227098405361,8503.640616921955,27.51044560223818,12.039317298680544,false,0
696b6eed349788098ef5f25d,696b6d87349788098ef5f237,1,2026-01-17T16:43:49.442Z,0,0,0,2.088602602481842,0,3,84,5.943488698452711,7824.242987624182,24.028838999569416,11.075382199138403,false,0
696b6f0b349788098ef5f260,696b6d87349788098ef5f237,1,2026-01-17T16:44:19.407Z,1,0,1,11.32767029851675,17,0,0,5.735419303178787,4870.390345125274,24.288895901292562,0.207795400172472,false,0
696b6f29349788098ef5f263,696b6d87349788098ef5f237,1,2026-01-17T16:44:49.369Z,0,0,0,0.27094219997525215,0,3,84,12.9598223939538,5564.885097390754,17.032836705446243,1.247512698173523,false,0
696b6f47349788098ef5f266,696b6d87349788098ef5f237,1,2026-01-17T16:45:19.374Z,1,0,1,6.266664102673531,5,0,0,0,10013.67675273167,29.98820700123906,3.895574003458023,false,0
696b6f65349788098ef5f269,696b6d87349788098ef5f237,1,2026-01-17T16:45:49.393Z,0,0,0,0.5822985023260117,0,8,168,10.749025199562311,10631.725617328604,19.257217403501272,27.307964395731688,false,0
696b6f93349788098ef5f26f,696b6d87349788098ef5f237,2,2026-01-17T16:46:35.376Z,1,0,1,16.315140198916197,11,0,0,0,5307.941916954304,32.05763890221715,6.601400297135115,false,0
696b6fd1349788098ef5f275,696b6d87349788098ef5f237,2,2026-01-17T16:47:37.463Z,0,0,0,13.636425603181124,15,0,0,0,8842.552854506208,32.0677449926734,9.325640391558409,false,0
696b6fef349788098ef5f278,696b6d87349788098ef5f237,2,2026-01-17T16:48:07.380Z,1,0,1,2.8902260959148407,3,0,0,0,11671.076931075519,29.991732496768236,11.411712300032377,false,0
696b700d349788098ef5f27b,696b6d87349788098ef5f237,2,2026-01-17T16:48:37.403Z,0,0,0,0,0,3,66.5,14.317631103098392,7597.550057872927,15.686866004019976,3.7758131995797157,false,0
696b702b349788098ef5f27e,696b6d87349788098ef5f237,2,2026-01-17T16:49:07.454Z,0,0,0,0.546994898468256,0,1,22.166666666666664,6.436522297561169,7442.623567237062,23.55409710109234,15.190402898937464,false,0
696b706a349788098ef5f284,696b6d87349788098ef5f237,3,2026-01-17T16:50:10.877Z,2,2,0,3.393496699631214,4,1,22.166666666666664,3.211101397871971,7291.5727328521725,28.834542505443096,5.539154399186373,false,0
696b7088349788098ef5f287,696b6d87349788098ef5f237,3,2026-01-17T16:50:40.777Z,1,1,0,0.45356040075421333,1,6,132.99999999999997,7.8406635001301765,6825.272031678715,22.158370099961758,2.0195420049130917,false,0
696b70a6349788098ef5f28a,696b6d87349788098ef5f237,3,2026-01-17T16:51:10.869Z,0,0,0,0,6,2,44.33333333333333,3.822366900742054,9933.598347992234,26.178433001041412,11.913386903703213,false,0
696b70c4349788098ef5f28d,696b6d87349788098ef5f237,3,2026-01-17T16:51:40.879Z,1,0,1,0.41677800193428993,1,7,132.99999999999997,15.023820396512747,5670.9327749253725,15.008293502032757,1.9110129997134209,false,0
696b70e2349788098ef5f290,696b6d87349788098ef5f237,3,2026-01-17T16:52:10.806Z,1,1,0,0.52257239818573,3,4,88.66666666666666,8.471822701394558,9815.943615598888,21.508759796619415,13.920121692121029,false,0
696b7100349788098ef5f293,696b6d87349788098ef5f237,3,2026-01-17T16:52:40.812Z,2,2,0,1.4375739060342312,8,0,0,0,13891.273649555593,30.00953859835863,12.06718249246478,false,0
696b711e349788098ef5f299,696b6d87349788098ef5f237,3,2026-01-17T16:53:10.798Z,0,0,0,0,2,3,49.00000000000001,3.9439519979059696,12435.64512059235,26.062448002398014,16.40342030674219,false,0
696b7158349788098ef5f29c,696b6d87349788098ef5f237,1,2026-01-17T16:54:08.452Z,3,2,1,10.184504203498363,26,0,0,0,8339.761075357474,32.07482960447669,6.090626999735832,false,0
696b7176349788098ef5f29f,696b6d87349788098ef5f237,1,2026-01-17T16:54:38.402Z,0,0,0,0,0,0,0,0,14149.442599978142,30.001373197883368,10.38325359672308,false,0
696b7194349788098ef5f2a2,696b6d87349788098ef5f237,1,2026-01-17T16:55:08.432Z,2,1,1,0.8390929996967316,5,0,0,0,11143.51649793282,30.00930780172348,3.110586602240801,false,0
696b71b2349788098ef5f2a5,696b6d87349788098ef5f237,1,2026-01-17T16:55:38.470Z,0,0,0,8.017887599766254,0,4,84,4.709478501230478,7018.4095044423175,25.2758310995996,0.6799577996134758,false,0
696b71d0349788098ef5f2a8,696b6d87349788098ef5f237,1,2026-01-17T16:56:08.393Z,1,1,0,4.705103293061256,1,1,28,0.8723213002085686,6307.753088146228,29.104391500353813,0,false,0
696b71ee349788098ef5f2ab,696b6d87349788098ef5f237,1,2026-01-17T16:56:38.430Z,1,1,0,7.976406402885914,1,3,56,3.803722396492958,6865.92552921189,26.21867960691452,2.201664000749588,false,0
696b720c349788098ef5f2ae,696b6d87349788098ef5f237,1,2026-01-17T16:57:08.410Z,3,0,3,2.4327834956347942,20,0,0,0,13937.793728056193,29.991272393614054,21.319427892565727,false,0
696b722a349788098ef5f2b1,696b6d87349788098ef5f237,1,2026-01-17T16:57:38.409Z,2,0,2,0.6441471986472607,10,2,28,5.578248500823975,10329.860904981842,24.402662698179483,13.911507200449705,false,0
696b7248349788098ef5f2b4,696b6d87349788098ef5f237,1,2026-01-17T16:58:08.423Z,2,0,2,10.830718506127596,15,0,0,0,8008.656847615474,30.036289498209953,1.138293195515871,false,0
696b7266349788098ef5f2b7,696b6d87349788098ef5f237,1,2026-01-17T16:58:38.416Z,2,1,1,2.5546167977154255,8,4,84,11.982506603002548,6106.106756980064,17.98713179677725,1.8578421026468277,false,0
696b7284349788098ef5f2ba,696b6d87349788098ef5f237,1,2026-01-17T16:59:08.474Z,1,1,0,1.6986537985503674,3,7,168,9.654856491833925,8897.884062897287,20.36820140108466,3.4835156984627247,false,0
696b72a2349788098ef5f2bd,696b6d87349788098ef5f237,1,2026-01-17T16:59:38.448Z,1,0,1,6.349720798432827,10,2,56,15.30454020574689,4409.603315698623,14.687019996345043,0,false,0
696b72c0349788098ef5f2c0,696b6d87349788098ef5f237,1,2026-01-17T17:00:08.424Z,4,2,2,3.7598428018391132,9,5,112,10.265890702605247,8196.193516660182,19.718558698892593,3.86263570189476,false,0
696b72de349788098ef5f2c3,696b6d87349788098ef5f237,1,2026-01-17T17:00:38.473Z,1,0,1,1.0901213996112347,8,2,56,3.6605624966323376,10467.94123841875,26.337408807128668,8.715860705822706,false,0
696b72fc349788098ef5f2c6,696b6d87349788098ef5f237,1,2026-01-17T17:01:08.400Z,1,1,0,0.6730313003063202,9,2,28,2.959477301687002,13119.069479259348,27.04786990582943,17.665718913078308,false,0
696b731a349788098ef5f2c9,696b6d87349788098ef5f237,1,2026-01-17T17:01:38.429Z,2,1,1,0.4226684011518955,4,7,168,10.521678201854229,8149.576249080313,19.494755506515503,9.893584113568068,false,0
696b7338349788098ef5f2cc,696b6d87349788098ef5f237,1,2026-01-17T17:02:08.508Z,2,1,1,3.8755739964544773,9,4,112,15.227221198379993,7761.084783157935,14.747290201485157,5.707568604499102,false,0
696b7356349788098ef5f2cf,696b6d87349788098ef5f237,1,2026-01-17T17:02:38.428Z,1,0,1,0.505111999809742,6,7,140,13.543451394885778,7869.772614600028,16.470973506569862,12.323326397687197,false,0
696b7374349788098ef5f2d2,696b6d87349788098ef5f237,1,2026-01-17T17:03:08.491Z,3,1,2,0.7003470957279205,8,8,168,10.080482505261898,8630.802844473164,19.93652579933405,4.042124800384045,false,0
696b7392349788098ef5f2d5,696b6d87349788098ef5f237,1,2026-01-17T17:03:38.420Z,1,0,1,0.86199139803648,3,3,84,6.310863297432661,9329.015358030607,23.679763797670603,5.446895200759172,false,0
696b73b0349788098ef5f2d8,696b6d87349788098ef5f237,1,2026-01-17T17:04:08.543Z,2,2,0,0.9188929945230484,7,3,84,15.6411656960845,7025.665497926813,14.371425803750753,1.5822452008724213,false,0
696b73ce349788098ef5f2db,696b6d87349788098ef5f237,1,2026-01-17T17:04:38.422Z,1,0,1,0.2590225003659725,2,3,84,6.216715406626463,10180.965266861986,23.78254859894514,8.89127029851079,false,0
696b73ec349788098ef5f2de,696b6d87349788098ef5f237,1,2026-01-17T17:05:08.456Z,2,2,0,2.858845602720976,17,4,84,7.414745099842548,9542.788201775687,22.560183502733707,6.595325104892254,false,0
696b740a349788098ef5f2e1,696b6d87349788098ef5f237,1,2026-01-17T17:05:38.481Z,2,0,2,3.718549497425556,8,3,84,7.602844297885895,6822.883212536837,22.422735508531332,6.366402700543404,false,0
696b7428349788098ef5f2e4,696b6d87349788098ef5f237,1,2026-01-17T17:06:08.411Z,0,0,0,3.4621884003281593,6,3,84,14.674973301589489,4393.319404923051,15.300196595489979,0,false,0
696b744e349788098ef5f2e7,696b6d87349788098ef5f237,2,2026-01-17T17:06:46.912Z,2,0,2,4.023640193045139,7,0,0,0,8675.56457239606,30.0093334056437,8.116251800209284,false,0
696b746e349788098ef5f2ea,696b6d87349788098ef5f237,2,2026-01-17T17:07:18.221Z,1,1,0,0.34503109753131866,2,3,66.5,3.689892701804638,10241.667384591276,26.296105299144983,13.017492603510618,false,0
696b748c349788098ef5f2ed,696b6d87349788098ef5f237,2,2026-01-17T17:07:48.320Z,5,2,3,6.093971699476242,11,0,0,0,11209.657687722332,30.01088399812579,4.6721015982329845,false,0
696b74aa349788098ef5f2f0,696b6d87349788098ef5f237,2,2026-01-17T17:08:18.208Z,3,2,1,0.5937515012919903,8,11,199.49999999999994,14.076282903552055,6554.784906025168,15.906088702380657,3.966062802821398,false,0
696b74c8349788098ef5f2f3,696b6d87349788098ef5f237,2,2026-01-17T17:08:48.244Z,4,3,1,1.1118330024182796,13,0,0,0,15015.410971269806,30.035901699215174,18.757023997604847,false,0
696b74e6349788098ef5f2f6,696b6d87349788098ef5f237,2,2026-01-17T17:09:18.342Z,0,0,0,0,0,7,132.99999999999997,17.05646090582013,6294.185123825072,12.931032497435808,4.891617897897959,false,0
696b7504349788098ef5f2f9,696b6d87349788098ef5f237,2,2026-01-17T17:09:48.349Z,4,2,2,1.1603059023618698,12,4,88.66666666666666,10.818518601357937,7199.333050093206,19.192657098174095,2.3877619989216328,false,0
696b7522349788098ef5f2fc,696b6d87349788098ef5f237,2,2026-01-17T17:10:18.292Z,0,0,0,0,0,5,110.83333333333331,8.935759902000427,9920.844074989875,21.0636713989079,13.642287600785494,false,0
696b7540349788098ef5f2ff,696b6d87349788098ef5f237,2,2026-01-17T17:10:48.320Z,5,0,5,2.7690735943615437,23,4,66.5,7.504918999969959,6853.529590444182,22.495411101728678,0.927496399730444,false,0
696b755e349788098ef5f302,696b6d87349788098ef5f237,2,2026-01-17T17:11:18.252Z,0,0,0,0,0,12,265.99999999999994,18.849135898053646,4740.674945776796,11.14872220158577,5.202949199825525,false,0
696b757c349788098ef5f305,696b6d87349788098ef5f237,2,2026-01-17T17:11:48.231Z,2,1,1,1.4567296020686626,8,5,88.66666666666666,10.49656529724598,7209.036583815548,19.47966480255127,7.702199395745993,false,0
696b75e6349788098ef5f30e,696b6d87349788098ef5f237,3,2026-01-17T17:13:34.824Z,0,0,0,8.09703628718853,5,0,0,0,3644.8160721509053,32.368248499929905,1.2605458199977875,false,0
696b7604349788098ef5f311,696b6d87349788098ef5f237,3,2026-01-17T17:14:04.791Z,2,0,2,0.7958033978939056,9,0,0,0,6451.533639081446,30.052127741277218,5.0701898746192455,false,0
696b7622349788098ef5f314,696b6d87349788098ef5f237,3,2026-01-17T17:14:34.717Z,0,0,0,0,0,0,0,0,9693.9409751002,29.937775392085314,16.04795777797699,false,0
696b7640349788098ef5f317,696b6d87349788098ef5f237,3,2026-01-17T17:15:04.835Z,2,0,2,7.423463098704815,7,0,0,0,4052.4279971378337,30.026718463748693,2.056846097111702,false,0
696b765e349788098ef5f31a,696b6d87349788098ef5f237,3,2026-01-17T17:15:34.674Z,1,0,1,5.0165212750434875,2,0,0,0,6094.627911266713,29.955446414649487,5.938141193240881,false,0
696b767c349788098ef5f31d,696b6d87349788098ef5f237,3,2026-01-17T17:16:04.690Z,0,0,0,0.49711930751800537,3,0,0,0,13652.887636343181,29.965213626623154,7.208192706108093,false,0
696b769a349788098ef5f320,696b6d87349788098ef5f237,3,2026-01-17T17:16:34.870Z,0,0,0,1.501653514802456,4,0,0,0,13575.216694884271,30.00353953614831,11.944357376545668,false,0
696b76b8349788098ef5f323,696b6d87349788098ef5f237,3,2026-01-17T17:17:04.725Z,0,0,0,0.44935739040374756,0,0,0,0,14656.26513749267,30.026670902967453,16.826111298054457,false,0
696b76d6349788098ef5f329,696b6d87349788098ef5f237,3,2026-01-17T17:17:34.718Z,0,0,0,0,0,0,0,0,21533.92793167839,30.003386057913303,12.919465377926826,false,0
696b9dcbffc136dccbdac87d,696b9d8bffc136dccbdac872,1,2026-01-17T20:03:47.985Z,0,0,0,4.934945702552795,0,0,0,2.506975408643484,4921.871352840532,29.577812165021896,0,false,0
696b9de9ffc136dccbdac880,696b9d8bffc136dccbdac872,1,2026-01-17T20:04:17.802Z,0,0,0,0,0,0,0,13.184462171047926,3479.1191308232396,16.812814064323902,0,false,0
696b9e07ffc136dccbdac883,696b9d8bffc136dccbdac872,1,2026-01-17T20:04:47.811Z,0,0,0,0,0,0,0,5.396761190146208,3510.0556269686504,24.62303002551198,0,false,0
696b9e25ffc136dccbdac886,696b9d8bffc136dccbdac872,1,2026-01-17T20:05:17.883Z,0,0,0,2.3327829092741013,0,0,0,2.4593824073672295,8764.858986874953,27.533928837627172,0,false,0
696b9e43ffc136dccbdac889,696b9d8bffc136dccbdac872,1,2026-01-17T20:05:47.789Z,0,0,0,0.7288088873028755,0,0,0,0,9721.134195354727,29.98297855630517,0,false,0
696b9e61ffc136dccbdac88c,696b9d8bffc136dccbdac872,1,2026-01-17T20:06:17.785Z,0,0,0,10.215550795197487,4,0,0,6.205028794705868,7277.070673522751,23.786609664559364,0,false,0
696b9e7fffc136dccbdac88f,696b9d8bffc136dccbdac872,1,2026-01-17T20:06:47.892Z,0,0,0,2.116398297250271,0,4,84,11.499067660421133,6631.911145781263,18.563124142587185,0,false,0
696b9ea1ffc136dccbdac892,696b9d8bffc136dccbdac872,1,2026-01-17T20:07:21.939Z,0,0,0,3.886484619230032,0,0,0,7.582606486976147,9006.481914752138,22.417879421263933,0,false,0
696b9ebfffc136dccbdac895,696b9d8bffc136dccbdac872,1,2026-01-17T20:07:51.936Z,0,0,0,3.007572092115879,0,13,252,16.405332647264004,4393.461196166305,13.580829001963139,0,false,0
696b9eddffc136dccbdac898,696b9d8bffc136dccbdac872,1,2026-01-17T20:08:21.925Z,1,1,0,3.4452088102698326,4,4,84,4.611206002533436,7423.859669711417,25.38935524970293,0,false,0
696b9efbffc136dccbdac89b,696b9d8bffc136dccbdac872,1,2026-01-17T20:08:51.879Z,0,0,0,1.7428062111139297,0,6,140,11.310023583471775,6784.662831226753,18.638764292001724,0,false,0
696b9f19ffc136dccbdac89e,696b9d8bffc136dccbdac872,1,2026-01-17T20:09:21.928Z,0,0,0,0,0,9,140,19.535304747521877,4048.186063053243,10.500902496278286,0,false,0
696b9f38ffc136dccbdac8a1,696b9d8bffc136dccbdac872,1,2026-01-17T20:09:52.263Z,0,0,0,10.385231714695692,0,5,84,8.969099178910255,4903.483537846146,21.257677372545004,0,false,0
696b9f55ffc136dccbdac8a4,696b9d8bffc136dccbdac872,1,2026-01-17T20:10:21.865Z,1,1,0,7.911280196160078,3,1,28,6.082822918891907,7785.869461426627,23.64918129891157,0,false,0
696b9f73ffc136dccbdac8a7,696b9d8bffc136dccbdac872,1,2026-01-17T20:10:51.900Z,0,0,0,0,0,8,196,14.802679222077131,4418.728702145895,15.232239797711372,0,false,0
696b9fb8ffc136dccbdac8ad,696b9d8bffc136dccbdac872,1,2026-01-17T20:12:00.537Z,0,0,0,0,0,0,0,0,275.6932348322904,32.11094255000353,0,false,0
696b9fd6ffc136dccbdac8b0,696b9d8bffc136dccbdac872,1,2026-01-17T20:12:30.477Z,0,0,0,0,0,0,0,0,0,29.990032583475113,0,false,0
696b9ff4ffc136dccbdac8b3,696b9d8bffc136dccbdac872,1,2026-01-17T20:13:00.488Z,0,0,0,0,0,0,0,0,0,30.010553903877735,0,false,0
696ba012ffc136dccbdac8b6,696b9d8bffc136dccbdac872,1,2026-01-17T20:13:30.479Z,0,0,0,0,0,0,0,0,0,29.99136259034276,0,false,0
696ba030ffc136dccbdac8b9,696b9d8bffc136dccbdac872,1,2026-01-17T20:14:00.538Z,0,0,0,0,0,0,0,0,0,30.0082915648818,0,false,0
696ba04effc136dccbdac8bc,696b9d8bffc136dccbdac872,1,2026-01-17T20:14:30.457Z,0,0,0,0,0,0,0,0,0,29.9671918079257,0,false,0
696ba06cffc136dccbdac8bf,696b9d8bffc136dccbdac872,1,2026-01-17T20:15:00.497Z,0,0,0,0,0,0,0,0,0,30.04068384319544,0,false,0
696ba08affc136dccbdac8ce,696b9d8bffc136dccbdac872,1,2026-01-17T20:15:30.457Z,0,0,0,0,0,0,0,0,0,29.96241656690836,0,false,0
696ba0a8ffc136dccbdac8d1,696b9d8bffc136dccbdac872,1,2026-01-17T20:16:00.471Z,0,0,0,0.25691090151667595,0,2,56,4.050797801464796,5953.823796987127,25.97238812595606,0,false,0
696ba0cdffc136dccbdac8d4,696b9d8bffc136dccbdac872,2,2026-01-17T20:16:37.317Z,0,0,0,0.7009111046791077,0,8,196,15.24912105128169,4657.758223728253,14.710521705448627,0,false,0
696ba0ebffc136dccbdac8d7,696b9d8bffc136dccbdac872,2,2026-01-17T20:17:07.259Z,0,0,0,0,0,0,0,0,0,30.051749601960182,0,false,0
696ba109ffc136dccbdac8da,696b9d8bffc136dccbdac872,2,2026-01-17T20:17:37.263Z,0,0,0,0,0,0,0,0,0,30.003340557217598,0,false,0
696ba127ffc136dccbdac8dd,696b9d8bffc136dccbdac872,2,2026-01-17T20:18:07.451Z,0,0,0,0,0,0,0,0,952.8901513771169,29.97744506597519,0,false,0
696ba220ffc136dccbdac8e9,696b9d8bffc136dccbdac872,2,2026-01-17T20:22:16.152Z,0,0,0,0,0,0,0,0,9669.624900131883,32.08348500728607,0,false,0
696ba23dffc136dccbdac8ec,696b9d8bffc136dccbdac872,2,2026-01-17T20:22:45.691Z,0,0,0,0,0,0,0,0,11069.571122179937,30.016967371106148,16.50721076503396,false,0
696ba25bffc136dccbdac8ef,696b9d8bffc136dccbdac872,2,2026-01-17T20:23:15.753Z,1,1,0,13.127698887139559,9,0,0,6.403393901884556,7592.381749061356,23.599325578659773,6.55205000564456,false,0
696ba279ffc136dccbdac8f2,696b9d8bffc136dccbdac872,2,2026-01-17T20:23:45.664Z,0,0,0,1.5710984840989113,7,6,88.66666666666666,8.80196887254715,7968.0794014973435,21.16733108088374,7.832227643579245,false,0
696ba297ffc136dccbdac8f5,696b9d8bffc136dccbdac872,2,2026-01-17T20:24:15.680Z,0,0,0,5.696482099592686,4,1,22.166666666666664,2.93028549477458,11573.86911580149,27.085962031036615,14.346872195601463,false,0
696ba2c3ffc136dccbdac8fb,696b9d8bffc136dccbdac872,2,2026-01-17T20:24:59.323Z,1,1,0,4.50409559905529,2,2,44.33333333333333,7.2188825979828835,10093.026585557094,24.892884455621243,10.617266677320004,false,0
696ba2e1ffc136dccbdac8fe,696b9d8bffc136dccbdac872,2,2026-01-17T20:25:29.528Z,0,0,0,0.13237039744853973,0,8,132.99999999999997,14.874187916517258,4161.631589291197,15.135003425180912,0,false,0
696ba2ffffc136dccbdac901,696b9d8bffc136dccbdac872,2,2026-01-17T20:25:59.400Z,2,2,0,12.291075736284256,15,0,0,2.487934298813343,7574.384211146352,27.511961437761784,10.003169104456902,false,0
696ba31dffc136dccbdac904,696b9d8bffc136dccbdac872,2,2026-01-17T20:26:29.312Z,0,0,0,0.611829299479723,5,3,66.5,2.647998597472906,12655.041943733497,27.34044609963894,13.121326945722103,false,0
696ba33bffc136dccbdac907,696b9d8bffc136dccbdac872,2,2026-01-17T20:26:59.334Z,3,2,1,6.658970817923546,3,1,22.166666666666664,3.4552972093224525,8172.616753854358,26.510538559406996,6.565854996442795,false,0
696ba359ffc136dccbdac90a,696b9d8bffc136dccbdac872,2,2026-01-17T20:27:29.363Z,0,0,0,1.4216922968626022,0,7,155.16666666666663,15.76400701329112,6507.375664576404,14.276396598666906,0,false,0
696ba37affc136dccbdac90d,696b9d8bffc136dccbdac872,2,2026-01-17T20:28:02.468Z,1,1,0,4.3693955056369305,1,1,22.166666666666664,5.353206500411034,3983.74304143001,24.617671828716993,6.745241511613131,false,0
696ba39dffc136dccbdac910,696b9d8bffc136dccbdac872,3,2026-01-17T20:28:37.054Z,1,1,0,5.2933985739946365,2,4,88.66666666666666,5.517635598778725,5643.087746113176,24.474260322749615,0,false,0
696ba3bbffc136dccbdac91d,696b9d8bffc136dccbdac872,3,2026-01-17T20:29:07.199Z,0,0,0,0,0,5,88.66666666666666,5.522394109517336,6391.598317439187,24.498131897300482,0,false,0
696ba3d9ffc136dccbdac920,696b9d8bffc136dccbdac872,3,2026-01-17T20:29:37.099Z,1,1,0,1.4188054911792278,1,6,132.99999999999997,12.086235389113426,7275.527827917831,17.899260595440865,0,false,0
696ba3f7ffc136dccbdac923,696b9d8bffc136dccbdac872,3,2026-01-17T20:30:07.117Z,0,0,0,3.5050435960292816,0,0,0,3.250714272260666,11292.521534548341,26.752582792192698,13.236601680517197,false,0
696ba430ffc136dccbdac929,696b9d8bffc136dccbdac872,3,2026-01-17T20:31:04.591Z,0,0,0,0,0,0,0,2.4931174889206886,12036.677358323825,29.58117513358593,2.374224789440632,false,0
696ba44effc136dccbdac92c,696b9d8bffc136dccbdac872,3,2026-01-17T20:31:34.513Z,1,1,0,14.630566600710154,7,0,0,2.5027959048748016,6527.982273189052,27.486960362643003,0.5697956159710884,false,0
696ba46cffc136dccbdac92f,696b9d8bffc136dccbdac872,3,2026-01-17T20:32:04.506Z,0,0,0,0,0,0,0,2.4971411861479282,11901.90798548609,27.5029430501163,12.80422866716981,false,0
696ba4abffc136dccbdac935,696b9d8bffc136dccbdac872,3,2026-01-17T20:33:07.639Z,0,0,0,1.753701590001583,0,0,0,0,11127.00882296519,32.07869836688042,8.984772257506847,false,0
696ba4d5ffc136dccbdac93b,696b9d8bffc136dccbdac872,3,2026-01-17T20:33:49.928Z,0,0,0,0.37231120094656944,0,1,16.333333333333336,3.6329529024660587,11034.708757142325,28.442083459347486,12.810037970542908,false,0
696ba515ffc136dccbdac941,696b9d8bffc136dccbdac872,3,2026-01-17T20:34:53.742Z,0,0,0,0,0,0,0,0,14529.735981104484,32.08486296609044,27.386291194707155,false,0
696ba54dffc136dccbdac947,696b9d8bffc136dccbdac872,3,2026-01-17T20:35:49.385Z,0,0,0,0,0,1,16.333333333333336,4.473171975463629,11076.025958363765,27.616086807101965,19.469884164631367,false,0
696ba56bffc136dccbdac94a,696b9d8bffc136dccbdac872,3,2026-01-17T20:36:19.472Z,0,0,0,0,0,8,114.33333333333337,25.677550852298737,3087.0885996686116,4.363541208207607,0,false,0
696ba58cffc136dccbdac94d,696b9d8bffc136dccbdac872,3,2026-01-17T20:36:52.084Z,1,1,0,2.0077730044722557,1,0,0,0,9329.315567747517,29.962550964206457,7.315626706928015,false,0
696ba5b7ffc136dccbdac953,696b9d8bffc136dccbdac872,3,2026-01-17T20:37:35.223Z,1,0,1,1.2569910995662212,1,0,0,2.4725031331181526,12795.682772896349,29.615016344934702,17.993167258799076,false,0
696ba5e5ffc136dccbdac959,696b9d8bffc136dccbdac872,3,2026-01-17T20:38:21.162Z,0,0,0,0,0,0,0,0,271.65738025155133,32.078148778527975,0,false,0
696ba603ffc136dccbdac95c,696b9d8bffc136dccbdac872,3,2026-01-17T20:38:51.147Z,0,0,0,0,0,0,0,0,0,30.043729975819588,0,false,0
696bacfc8f7ebf2f61ad37d1,696bac848f7ebf2f61ad37b8,1,2026-01-17T21:08:36.606Z,1,1,0,3.151853397488594,4,0,0,8.25144200026989,4992.834494693749,23.774808805435896,0.6891536004841328,false,0
696bad1a8f7ebf2f61ad37d4,696bac848f7ebf2f61ad37b8,1,2026-01-17T21:09:06.495Z,1,1,0,1.4429236017167568,3,0,0,0,11999.800414336123,29.995523300021887,15.853620000183582,false,0
696bad388f7ebf2f61ad37d7,696bac848f7ebf2f61ad37b8,1,2026-01-17T21:09:36.513Z,0,0,0,1.1878959983587265,1,0,0,0,8374.470287830094,29.99974859878421,9.624580897390842,false,0
696bad6e8f7ebf2f61ad37da,696bac848f7ebf2f61ad37b8,1,2026-01-17T21:10:30.277Z,1,0,1,0.6996018961071968,1,3,84,3.9032307006418705,10531.19692832349,26.097259297966957,14.683713600039482,false,0
696bad8c8f7ebf2f61ad37dd,696bac848f7ebf2f61ad37b8,1,2026-01-17T21:11:00.121Z,0,0,0,0,0,0,0,0,14042.72472922628,30.00424290075898,21.831616394221783,false,0
696badad8f7ebf2f61ad37e0,696bac848f7ebf2f61ad37b8,1,2026-01-17T21:11:33.246Z,0,0,0,0,0,4,84,7.4001982025802135,4860.7852320894435,22.597856000065804,7.839513100683689,false,0
696badcb8f7ebf2f61ad37e3,696bac848f7ebf2f61ad37b8,1,2026-01-17T21:12:03.095Z,1,0,1,1.4220499992370605,7,0,0,0,11039.411077460485,29.999590199440718,15.97598148882389,false,0
696bade98f7ebf2f61ad37e6,696bac848f7ebf2f61ad37b8,1,2026-01-17T21:12:33.067Z,0,0,0,0,0,0,0,0,11073.569110110142,29.994121499359608,20.201732199639082,false,0
696bae078f7ebf2f61ad37e9,696bac848f7ebf2f61ad37b8,1,2026-01-17T21:13:03.254Z,0,0,0,0,0,6,140,18.25846490263939,3758.994938533476,11.74594409763813,7.668185997754335,false,0
696bae258f7ebf2f61ad37ec,696bac848f7ebf2f61ad37b8,1,2026-01-17T21:13:33.054Z,0,0,0,0,0,3,84,14.84329029917717,6042.81506947967,15.149252101778984,9.061738897114992,false,0
696bae438f7ebf2f61ad37ef,696bac848f7ebf2f61ad37b8,1,2026-01-17T21:14:03.123Z,0,0,0,0.9124365001916885,1,7,140,11.430102299898863,6467.12347291027,18.57759779691696,6.739861600100994,false,0
696bae618f7ebf2f61ad37f2,696bac848f7ebf2f61ad37b8,1,2026-01-17T21:14:33.995Z,1,0,1,1.1528396010398865,1,4,112,10.385950304567814,6526.288638534354,19.606274899095297,11.14118030294776,false,0
696bae7f8f7ebf2f61ad37f5,696bac848f7ebf2f61ad37b8,1,2026-01-17T21:15:03.849Z,6,5,1,0.9355350956320763,14,0,0,0,14467.277043809616,29.999867498874664,25.28516110032797,false,0
696baeb08f7ebf2f61ad37fb,696bac848f7ebf2f61ad37b8,1,2026-01-17T21:15:52.994Z,0,0,0,0.07713500037789345,0,3,84,15.080801401287317,8181.468111981038,16.9356033988297,9.517957497388124,false,0
696baef78f7ebf2f61ad3801,696bac848f7ebf2f61ad37b8,1,2026-01-17T21:17:03.260Z,0,0,0,2.4294669032096863,10,0,0,0,13164.72582347917,32.015727400779724,18.310132201761007,false,0
696baf158f7ebf2f61ad3804,696bac848f7ebf2f61ad37b8,1,2026-01-17T21:17:33.129Z,3,3,0,0.9932632967829704,9,0,0,0,14462.898854844543,30.006245899945498,18.761455196887255,false,0
696baf498f7ebf2f61ad380a,696bac848f7ebf2f61ad37b8,2,2026-01-17T21:18:25.045Z,1,1,0,0.15485639870166779,1,0,0,0,12427.316922544624,32.01481590047479,11.832034599035978,false,0
696baf668f7ebf2f61ad380d,696bac848f7ebf2f61ad37b8,2,2026-01-17T21:18:54.959Z,2,0,2,0.16831129789352417,3,2,44.33333333333333,3.3244789987802505,13788.591108536795,26.68262879922986,16.371008299291134,false,0
696baf858f7ebf2f61ad3810,696bac848f7ebf2f61ad37b8,2,2026-01-17T21:19:25.015Z,0,0,0,0,0,4,66.5,9.394296701997519,8706.775146626049,20.60162189975381,15.553766202181578,false,0
696bafa28f7ebf2f61ad3813,696bac848f7ebf2f61ad37b8,2,2026-01-17T21:19:54.992Z,0,0,0,0.32212020084261894,0,4,88.66666666666666,7.151325199753046,7286.861734271344,22.85628990083933,6.588259905576706,false,0
696bafc18f7ebf2f61ad3816,696bac848f7ebf2f61ad37b8,2,2026-01-17T21:20:25.022Z,1,1,0,0.5031845010817051,1,0,0,3.4528223983943462,8935.428450616086,26.53752090036869,8.622247401624918,false,0
696bb0218f7ebf2f61ad381c,696bac848f7ebf2f61ad37b8,2,2026-01-17T21:22:01.562Z,1,0,1,0.03224530071020126,2,3,66.5,12.949988003820181,9469.729331472749,17.057667296379805,14.283331699669361,false,0
696bb03f8f7ebf2f61ad3822,696bac848f7ebf2f61ad37b8,2,2026-01-17T21:22:31.441Z,3,1,2,0.128950797021389,10,7,155.16666666666663,12.326412200927734,9337.832927068248,17.6614938005805,13.267035406082869,false,0
696bb0688f7ebf2f61ad3845,696bac848f7ebf2f61ad37b8,2,2026-01-17T21:23:12.233Z,7,4,3,4.9817270040512085,18,0,0,2.8215489014983177,12825.007994021722,29.19353099912405,17.248331502079964,false,0
696bb0868f7ebf2f61ad3848,696bac848f7ebf2f61ad37b8,2,2026-01-17T21:23:42.090Z,0,0,0,0,0,4,88.66666666666666,9.332856196910143,7628.76301684051,20.675816003233194,1.58938629925251,false,0
696bb0a48f7ebf2f61ad384b,696bac848f7ebf2f61ad37b8,2,2026-01-17T21:24:12.123Z,8,6,2,1.3630686029791832,21,0,0,0,12395.685487341376,29.998431500047445,9.430316995829344,false,0
696bb0c28f7ebf2f61ad384e,696bac848f7ebf2f61ad37b8,2,2026-01-17T21:24:42.259Z,2,2,0,0.12704529985785484,14,7,155.16666666666663,11.350200399756432,8275.952184364949,18.646314900368452,3.318564999848604,false,0
696bb0e08f7ebf2f61ad3851,696bac848f7ebf2f61ad37b8,2,2026-01-17T21:25:12.276Z,1,1,0,0.2408788986504078,1,1,22.166666666666664,7.033859699964523,5406.7431430863035,22.965758599340916,9.42713699862361,false,0
696bb0fe8f7ebf2f61ad3854,696bac848f7ebf2f61ad37b8,2,2026-01-17T21:25:42.070Z,0,0,0,1.5079951994121075,4,0,0,0,15770.597719978541,29.99882809817791,17.269479598850012,false,0
696bb11c8f7ebf2f61ad3857,696bac848f7ebf2f61ad37b8,2,2026-01-17T21:26:12.124Z,2,1,1,0.9643829055130482,7,4,88.66666666666666,11.42279389873147,8390.490799943713,18.582373902201653,4.41598429903388,false,0
696bb13a8f7ebf2f61ad385a,696bac848f7ebf2f61ad37b8,2,2026-01-17T21:26:42.078Z,1,1,0,0.2117661014199257,1,5,88.66666666666666,8.968647200614214,10024.193918834166,21.03752550110221,12.061287596821785,false,0
696bb16e8f7ebf2f61ad385d,696bac848f7ebf2f61ad37b8,3,2026-01-17T21:27:34.327Z,5,3,2,1.0396436974406242,7,0,0,0,14640.690889296866,32.027925699949265,15.835542894899845,false,0
696bb1888f7ebf2f61ad3860,696bb0538f7ebf2f61ad3826,2,2026-01-17T21:28:00.007Z,1,1,0,0.9076399989426136,3,0,0,5.352357901632786,7440.785268378034,26.882153905928135,5.098748300224543,false,0
696bb18c8f7ebf2f61ad3863,696bac848f7ebf2f61ad37b8,3,2026-01-17T21:28:04.364Z,4,2,2,0.2740321010351181,6,0,0,0,14018.686999041855,29.996943898499012,10.493888299912214,false,0
696bb1a58f7ebf2f61ad3866,696bb0538f7ebf2f61ad3826,2,2026-01-17T21:28:29.845Z,3,2,1,0.4851512983441353,7,0,0,0,10668.248532965697,30.00137449800968,0,false,0
696bb1aa8f7ebf2f61ad3869,696bac848f7ebf2f61ad37b8,3,2026-01-17T21:28:34.379Z,0,0,0,0,0,4,65.33333333333334,8.509050004184246,10568.44278973031,21.48452479764819,12.165093798190355,false,0
696bb1c38f7ebf2f61ad386c,696bb0538f7ebf2f61ad3826,2,2026-01-17T21:28:59.821Z,3,3,0,1.7650544978678226,11,3,66.5,5.503533698618412,9668.705464733579,24.50125690177083,0,false,0
696bb1c88f7ebf2f61ad386f,696bac848f7ebf2f61ad37b8,3,2026-01-17T21:29:04.397Z,1,1,0,0,5,7,114.33333333333337,14.925689898431301,6983.181919190072,15.083363600075245,11.581813499331474,false,0
696bb1e18f7ebf2f61ad3875,696bb0538f7ebf2f61ad3826,2,2026-01-17T21:29:29.882Z,4,3,1,0.44892410188913345,8,4,88.66666666666666,4.555228501558304,9950.170980700543,25.456871394068003,0,false,0
696bb1ef8f7ebf2f61ad3878,696bac848f7ebf2f61ad37b8,3,2026-01-17T21:29:43.755Z,1,1,0,0.0829588994383812,2,0,0,0,9522.465494186927,32.016945499926805,10.585131499916315,false,0
696bb1ff8f7ebf2f61ad387b,696bb0538f7ebf2f61ad3826,2,2026-01-17T21:29:59.816Z,1,0,1,0.2956023998558521,2,2,44.33333333333333,18.49609899893403,6663.815058686589,11.485470999032259,0,false,0
696bb20d8f7ebf2f61ad387e,696bac848f7ebf2f61ad37b8,3,2026-01-17T21:30:13.728Z,2,0,2,0.2947044037282467,2,0,0,0,13110.71283274375,30.009867701679468,15.99857610091567,false,0
696bb21d8f7ebf2f61ad3881,696bb0538f7ebf2f61ad3826,2,2026-01-17T21:30:29.821Z,2,1,1,0.4384130984544754,3,2,44.33333333333333,5.024107702076435,6980.566155379907,24.974305100739002,0,false,0
696bb22b8f7ebf2f61ad3884,696bac848f7ebf2f61ad37b8,3,2026-01-17T21:30:43.779Z,0,0,0,0,0,0,0,0,13579.357515033864,29.992479600012302,12.617665797472,false,0
696bb2468f7ebf2f61ad3887,696bb0538f7ebf2f61ad3826,2,2026-01-17T21:31:10.998Z,1,0,1,0.40250690281391144,6,5,88.66666666666666,5.810698799788952,8769.120328213681,24.194804199039936,0,false,0
696bb2498f7ebf2f61ad388a,696bac848f7ebf2f61ad37b8,3,2026-01-17T21:31:13.777Z,4,3,1,0.10335050150752068,14,1,16.333333333333336,2.9287098981440067,13825.105474183392,27.069623198360205,16.588514402508736,false,0
696bb26a8f7ebf2f61ad3890,696bb0538f7ebf2f61ad3826,2,2026-01-17T21:31:46.512Z,1,1,0,0.1852915957570076,1,0,0,0,9337.985024365482,30.0013368986547,0,false,0
696bb2868f7ebf2f61ad389f,696bac848f7ebf2f61ad37b8,3,2026-01-17T21:32:14.158Z,0,0,0,0,0,0,0,0,11524.11528171648,32.01500650122762,8.329545002430677,false,0
696bb2888f7ebf2f61ad38a2,696bb0538f7ebf2f61ad3826,2,2026-01-17T21:32:16.466Z,1,1,0,0.05026030167937279,3,0,0,0,11645.854684782416,30.002096101641655,0,false,0
696bb2a38f7ebf2f61ad38a5,696bac848f7ebf2f61ad37b8,3,2026-01-17T21:32:43.946Z,0,0,0,0,0,0,0,0,14707.597950154293,30.001762099564075,22.13562760129571,false,0
696bb2a68f7ebf2f61ad38a8,696bb0538f7ebf2f61ad3826,2,2026-01-17T21:32:46.509Z,1,1,0,0,2,4,88.66666666666666,4.684806600213051,8694.073340461426,25.31061750277877,0,false,0
696bb2c18f7ebf2f61ad38ab,696bac848f7ebf2f61ad37b8,3,2026-01-17T21:33:13.959Z,0,0,0,0,0,0,0,0,9784.803276210305,30.00916690006852,5.63742870092392,false,0
696bb2c48f7ebf2f61ad38ae,696bb0538f7ebf2f61ad3826,2,2026-01-17T21:33:16.463Z,0,0,0,0,0,11,177.3333333333333,13.294038698077202,6127.143819886335,16.709181502461433,0,false,0
696bb2df8f7ebf2f61ad38b1,696bac848f7ebf2f61ad37b8,3,2026-01-17T21:33:43.954Z,0,0,0,0,0,0,0,0,7872.678101523447,29.993671499192715,1.7410466000437737,false,0
696bb2e28f7ebf2f61ad38b4,696bb0538f7ebf2f61ad3826,2,2026-01-17T21:33:46.479Z,3,1,2,2.663196500390768,9,0,0,0,10567.0917999703,30.000538796186447,0.03984139859676361,false,0
696bb3008f7ebf2f61ad38ba,696bb0538f7ebf2f61ad3826,2,2026-01-17T21:34:16.545Z,2,2,0,2.782139703631401,6,4,88.66666666666666,8.814992997795343,8902.546986856021,21.185077503323555,3.6797397024929523,false,0
696bb31e8f7ebf2f61ad38c0,696bb0538f7ebf2f61ad3826,2,2026-01-17T21:34:46.482Z,5,3,2,1.9513321034610271,12,0,0,0,8878.358284716767,30.0029423981905,1.1156698986887932,false,0
696bb33c8f7ebf2f61ad38c3,696bb0538f7ebf2f61ad3826,2,2026-01-17T21:35:16.486Z,0,0,0,0,0,3,66.5,8.550073899328709,7994.774303733294,21.439983401447535,0,false,0
696bb33d8f7ebf2f61ad38c6,696bac848f7ebf2f61ad37b8,3,2026-01-17T21:35:17.833Z,0,0,0,0.15232620015740395,0,0,0,0,14052.972891911857,32.01749550178647,17.80166220292449,false,0
696bb35b8f7ebf2f61ad38cc,696bac848f7ebf2f61ad37b8,3,2026-01-17T21:35:47.664Z,2,1,1,0.7326491996645927,10,0,0,0,9797.580351786692,29.999193098396063,7.25401009991765,false,0
696bb36c8f7ebf2f61ad38cf,696bb0538f7ebf2f61ad3826,2,2026-01-17T21:36:04.106Z,1,0,1,0.9517574980854988,4,0,0,0,11056.32454675189,30.002224300056696,22.808529298752546,false,0
696bb3798f7ebf2f61ad38d2,696bac848f7ebf2f61ad37b8,3,2026-01-17T21:36:17.563Z,0,0,0,0.5335411988198757,7,0,0,2.6422859989106655,7701.911845718166,27.360508300364017,5.252483896911144,false,0
696bb39d8f7ebf2f61ad38d5,696bac848f7ebf2f61ad37b8,3,2026-01-17T21:36:53.047Z,2,1,1,0.6145754009485245,4,13,122.66666666666664,15.480510897934437,7266.940140324052,14.522529505193233,6.821476500481367,false,0
696bb3ba8f7ebf2f61ad38d8,696bac848f7ebf2f61ad37b8,3,2026-01-17T21:37:22.897Z,0,0,0,0,0,7,26.666666666666664,7.453866999596357,10291.17379393786,22.547171100974083,18.70740630105138,false,0
696bb3db8f7ebf2f61ad38de,696bac848f7ebf2f61ad37b8,3,2026-01-17T21:37:55.190Z,0,0,0,0,0,4,40,4.635913897305727,778.5638303542792,25.355087496340275,0,false,0
696bb81be00b9706f38e9c80,696bb787e00b9706f38e9c75,3,2026-01-17T21:56:03.078Z,0,0,0,0,0,0,0,9.806974176317453,1577.3205882782518,22.31934468448162,0,false,0
696bb838e00b9706f38e9c83,696bb787e00b9706f38e9c75,3,2026-01-17T21:56:32.855Z,0,0,0,0,1,0,0,11.563904829323292,974.0000260004834,18.425393421202898,0,false,0
696bb857e00b9706f38e9c86,696bb787e00b9706f38e9c75,3,2026-01-17T21:57:03.152Z,0,0,0,0,0,0,0,6.969167709350586,1408.6991532396528,23.04234789684415,0,false,0
696bb875e00b9706f38e9c89,696bb787e00b9706f38e9c75,3,2026-01-17T21:57:33.067Z,0,0,0,0,0,2,32.66666666666667,3.078197106719017,2275.8741540084475,26.95109900087118,0,false,0
696bb8aee00b9706f38e9c8f,696bb787e00b9706f38e9c75,3,2026-01-17T21:58:30.508Z,1,1,0,2.528216689825058,1,0,0,0,974.5795997461054,32.183818217366934,0,false,0
696bb8cce00b9706f38e9c92,696bb787e00b9706f38e9c75,3,2026-01-17T21:59:00.622Z,0,0,0,0,0,0,0,1.8806055821478367,2707.053130189312,28.145123060792685,0,false,0
696bb8eae00b9706f38e9c95,696bb787e00b9706f38e9c75,3,2026-01-17T21:59:30.539Z,0,0,0,0,0,0,0,0,3734.103500751972,29.966161388903856,0,false,0
696bb908e00b9706f38e9c98,696bb787e00b9706f38e9c75,3,2026-01-17T22:00:00.939Z,0,0,0,0,0,0,0,0,4654.2718693691595,30.028247341513634,0,false,0
696bb926e00b9706f38e9ca7,696bb787e00b9706f38e9c75,3,2026-01-17T22:00:30.509Z,0,0,0,0,0,0,0,0,2801.075378743357,29.939952455461025,0,false,0
696bb944e00b9706f38e9caa,696bb787e00b9706f38e9c75,3,2026-01-17T22:01:00.482Z,0,0,0,0,0,0,0,0,4128.988084186266,30.03121604397893,0,false,0
696bb95ce00b9706f38e9cad,696bb91be00b9706f38e9c9c,1,2026-01-17T22:01:24.119Z,2,1,1,6.148333519697189,5,0,0,0.9497371912002563,7202.46771109752,31.176136396825314,0,false,0
696bb962e00b9706f38e9cb0,696bb787e00b9706f38e9c75,3,2026-01-17T22:01:30.618Z,0,0,0,6.018418058753014,0,0,0,0,938.0166512515385,29.973446674644947,0,false,0
696bb979e00b9706f38e9cb6,696bb91be00b9706f38e9c9c,1,2026-01-17T22:01:53.752Z,0,0,0,0,0,0,0,2.4805475920438766,11052.118483664677,27.503140978515148,7.922401297837496,false,0
696bb997e00b9706f38e9cb9,696bb91be00b9706f38e9c9c,1,2026-01-17T22:02:23.762Z,0,0,0,1.6050618216395378,1,0,0,0,9368.506734903627,30.016178511083126,0,false,0
696bb9a9e00b9706f38e9cbc,696bb787e00b9706f38e9c75,3,2026-01-17T22:02:41.030Z,0,0,0,19.800010096281767,10,0,0,0,2121.245211428244,32.14875536412001,0,false,0
696bb9b5e00b9706f38e9cbf,696bb91be00b9706f38e9c9c,1,2026-01-17T22:02:53.778Z,1,0,1,0.49026938527822495,1,0,0,0,11315.434261096028,30.012921918183565,3.7757854871451855,false,0
696bb9c7e00b9706f38e9cc2,696bb787e00b9706f38e9c75,3,2026-01-17T22:03:11.031Z,0,0,0,2.289793711155653,2,0,0,0,8780.944794401441,30.103704042732716,0,false,0
696bb9d3e00b9706f38e9cc5,696bb91be00b9706f38e9c9c,1,2026-01-17T22:03:23.881Z,0,0,0,0.5123052075505257,0,0,0,0,9435.810677201413,29.98330855369568,5.668052084743977,false,0
696bb9e4e00b9706f38e9cc8,696bb787e00b9706f38e9c75,3,2026-01-17T22:03:40.746Z,0,0,0,1.0543010905385017,0,0,0,0,11038.147725315954,29.933972865343094,0,false,0
696bb9f1e00b9706f38e9ccb,696bb91be00b9706f38e9c9c,1,2026-01-17T22:03:53.802Z,0,0,0,5.720444306731224,3,0,0,5.506023328751326,8614.275499344838,24.484481189399958,0,false,0
696bba02e00b9706f38e9cce,696bb787e00b9706f38e9c75,3,2026-01-17T22:04:10.990Z,0,0,0,21.493084240704775,13,0,0,0,1227.8456944963327,29.940670132637024,0.3826366886496544,false,0
696bba0fe00b9706f38e9cd1,696bb91be00b9706f38e9c9c,1,2026-01-17T22:04:23.765Z,1,0,1,0.22086099535226822,2,6,140,8.11729671433568,7113.948052313564,21.876743260771036,1.6307073011994362,false,0
696bba20e00b9706f38e9cd4,696bb787e00b9706f38e9c75,3,2026-01-17T22:04:40.786Z,0,0,0,0,0,7,114.33333333333337,13.439653147011995,7973.438313133669,16.591580510139465,0,false,0
696bba2de00b9706f38e9cd7,696bb91be00b9706f38e9c9c,1,2026-01-17T22:04:53.798Z,0,0,0,0,0,5,84,15.397760894149542,4789.37427208027,14.6632458306849,3.3637209832668304,false,0
696bba3ee00b9706f38e9cda,696bb787e00b9706f38e9c75,3,2026-01-17T22:05:10.818Z,0,0,0,0,0,1,16.333333333333336,14.9872025847435,2761.3412437853026,14.986435379832983,0,false,0
696bba4de00b9706f38e9cdd,696bb91be00b9706f38e9c9c,1,2026-01-17T22:05:25.891Z,1,0,1,5.428419329226017,10,5,112,9.402234248816967,5669.451025058075,20.57390260696411,0.7261252030730247,false,0
696bba5de00b9706f38e9ce0,696bb787e00b9706f38e9c75,3,2026-01-17T22:05:41.033Z,0,0,0,0,0,0,0,0,0,30.153904769569635,0,false,0
696bba6be00b9706f38e9ce3,696bb91be00b9706f38e9c9c,1,2026-01-17T22:05:55.920Z,1,0,1,1.4513227939605713,4,2,56,5.632271222770214,7351.080078273152,24.413210097700357,0,false,0
696bba7ae00b9706f38e9ce6,696bb787e00b9706f38e9c75,3,2026-01-17T22:06:10.910Z,0,0,0,0,0,0,0,4.245361298322678,175.97393622434348,25.646969482302666,0.9379467964172363,false,0
696bbab9e00b9706f38e9cec,696bb787e00b9706f38e9c75,3,2026-01-17T22:07:13.497Z,1,1,0,1.4453117027878761,1,0,0,2.515633501112461,5367.9161570917495,29.658553209155798,0,false,0
696bbad7e00b9706f38e9cef,696bb787e00b9706f38e9c75,3,2026-01-17T22:07:43.330Z,0,0,0,0,0,0,0,0,4123.532681710437,30.006745271384716,0,false,0
696bbaf5e00b9706f38e9cf2,696bb787e00b9706f38e9c75,3,2026-01-17T22:08:13.298Z,0,0,0,0,0,0,0,0,9232.915282462705,29.954277139157057,0,false,0
696bbb13e00b9706f38e9cf5,696bb787e00b9706f38e9c75,3,2026-01-17T22:08:43.607Z,0,0,0,0,0,0,0,0,6882.614619211895,30.017668582499027,0,false,0
696bbb31e00b9706f38e9cf8,696bb787e00b9706f38e9c75,3,2026-01-17T22:09:13.287Z,0,0,0,0,0,0,0,6.054795324802399,7187.607509905504,23.915172308683395,0,false,0
696bbb67e00b9706f38e9cfe,696bb787e00b9706f38e9c75,2,2026-01-17T22:10:07.680Z,0,0,0,7.285189479589462,0,0,0,0,6454.244843599248,32.22360388934612,0,false,0
696bbb85e00b9706f38e9d01,696bb787e00b9706f38e9c75,2,2026-01-17T22:10:37.523Z,0,0,0,0.569927304983139,2,0,0,0,5784.581152751463,29.90997163578868,0,false,0
696bbba3e00b9706f38e9d04,696bb787e00b9706f38e9c75,2,2026-01-17T22:11:07.388Z,0,0,0,0,0,12,80,19.984838765114546,1578.6872726865845,10.062746599316597,0,false,0
696bbbc1e00b9706f38e9d07,696bb787e00b9706f38e9c75,2,2026-01-17T22:11:37.530Z,0,0,0,0,0,0,0,0,2522.29875593596,30.055060792714357,0,false,0
696bbbdfe00b9706f38e9d0d,696bb787e00b9706f38e9c75,2,2026-01-17T22:12:07.535Z,1,1,0,0,3,0,0,0,17122.70591529304,29.941850792616606,0,false,0
696bbc0ae00b9706f38e9d10,696bb787e00b9706f38e9c75,2,2026-01-17T22:12:50.827Z,0,0,0,0.998886413872242,0,0,0,0,1887.4967512100309,32.10525290668011,0,false,0
696bbc28e00b9706f38e9d13,696bb787e00b9706f38e9c75,2,2026-01-17T22:13:20.609Z,0,0,0,5.559859611093998,1,0,0,0,9173.419924350937,30.046955555677414,0,false,0
696bbc5ee00b9706f38e9d19,696bb787e00b9706f38e9c75,2,2026-01-17T22:14:14.329Z,0,0,0,0,0,0,0,0,275.6932437625809,32.136540208011866,0,false,0
696bbc7ce00b9706f38e9d1c,696bb787e00b9706f38e9c75,2,2026-01-17T22:14:44.373Z,0,0,0,0,0,0,0,0,0,30.121255837380886,0,false,0
696bbc9ae00b9706f38e9d1f,696bb787e00b9706f38e9c75,2,2026-01-17T22:15:14.108Z,0,0,0,0,0,0,0,10.174589917063713,538.9552274266939,19.753543872386217,0,false,0
696bbcb8e00b9706f38e9d22,696bb787e00b9706f38e9c75,2,2026-01-17T22:15:44.269Z,0,0,0,0,0,1,5,6.3331599943339825,6641.002156641509,23.660151354968548,0,false,0
696bbcd6e00b9706f38e9d25,696bb787e00b9706f38e9c75,2,2026-01-17T22:16:14.352Z,0,0,0,11.1829221136868,0,3,66.5,9.361735686659813,2004.5721335084825,20.64283799752593,0,false,0
696bbcf4e00b9706f38e9d28,696bb787e00b9706f38e9c75,2,2026-01-17T22:16:44.041Z,0,0,0,0,0,2,22.166666666666664,10.031756229698658,1798.6951551125576,19.96228999271989,0,false,0
696bbd12e00b9706f38e9d2b,696bb787e00b9706f38e9c75,2,2026-01-17T22:17:14.024Z,0,0,0,0.8121471032500267,0,0,0,1.2662404030561447,5138.901593434111,28.703737124800682,0,false,0
696bbd30e00b9706f38e9d2e,696bb787e00b9706f38e9c75,2,2026-01-17T22:17:44.005Z,0,0,0,0,0,0,0,0,0,29.97448916360736,0,false,0
696bbd4ee00b9706f38e9d31,696bb787e00b9706f38e9c75,2,2026-01-17T22:18:14.353Z,0,0,0,0,0,0,0,0,0,30.044837683439255,0,false,0
696bbd6ce00b9706f38e9d34,696bb787e00b9706f38e9c75,2,2026-01-17T22:18:44.057Z,0,0,0,0,0,0,0,0,0,29.99968620017171,0,false,0
696bbd8ae00b9706f38e9d37,696bb787e00b9706f38e9c75,2,2026-01-17T22:19:14.078Z,0,0,0,0,0,0,0,0,0,30.01471932604909,0,false,0
696bbda8e00b9706f38e9d3a,696bb787e00b9706f38e9c75,2,2026-01-17T22:19:44.375Z,0,0,0,0,0,0,0,0,0,29.978992268443108,0,false,0
696bbdc6e00b9706f38e9d3d,696bb787e00b9706f38e9c75,2,2026-01-17T22:20:14.080Z,0,0,0,0,0,1,22.166666666666664,4.051163494586945,1002.3769810944691,25.946191892027855,0,false,0
696bbdf8e00b9706f38e9d43,696bb787e00b9706f38e9c75,1,2026-01-17T22:21:04.628Z,0,0,0,0.4571011886000633,0,0,0,0,3465.557422468206,32.166594218462706,0,false,0
696bbe16e00b9706f38e9d46,696bb787e00b9706f38e9c75,1,2026-01-17T22:21:34.512Z,0,0,0,0,0,0,0,0,1192.7872455340853,29.976007092744112,0,false,0
696bbe34e00b9706f38e9d49,696bb787e00b9706f38e9c75,1,2026-01-17T22:22:04.504Z,0,0,0,0,0,0,0,0,0,30.027647368609905,0,false,0
696bbe52e00b9706f38e9d4c,696bb787e00b9706f38e9c75,1,2026-01-17T22:22:34.590Z,0,0,0,0,0,0,0,0,0,29.947161447256804,0,false,0
696bbe70e00b9706f38e9d4f,696bb787e00b9706f38e9c75,1,2026-01-17T22:23:04.557Z,0,0,0,0,0,0,0,0,0,30.01904221624136,0,false,0
696bbe8ee00b9706f38e9d52,696bb787e00b9706f38e9c75,1,2026-01-17T22:23:34.488Z,0,0,0,0,0,0,0,0,0,30.025675412267447,0,false,0
696bbeace00b9706f38e9d55,696bb787e00b9706f38e9c75,1,2026-01-17T22:24:04.450Z,0,0,0,0,0,0,0,0,0,29.96201117709279,0,false,0
696bbecae00b9706f38e9d58,696bb787e00b9706f38e9c75,1,2026-01-17T22:24:34.817Z,0,0,0,0,0,0,0,0,0,30.006528072059155,0,false,0
696bbee8e00b9706f38e9d5b,696bb787e00b9706f38e9c75,1,2026-01-17T22:25:04.531Z,0,0,0,0,0,0,0,0,0,30.02254642546177,0,false,0
696bbf06e00b9706f38e9d5e,696bb787e00b9706f38e9c75,1,2026-01-17T22:25:34.460Z,0,0,0,0,0,0,0,0,0,29.967696238309145,0,false,0
696bbf24e00b9706f38e9d61,696bb787e00b9706f38e9c75,1,2026-01-17T22:26:04.666Z,0,0,0,0,0,0,0,0,0,30.035867769271135,0,false,0
696bbf42e00b9706f38e9d64,696bb787e00b9706f38e9c75,1,2026-01-17T22:26:34.496Z,0,0,0,0,0,0,0,0,0,29.95928018540144,0,false,0
696bbf60e00b9706f38e9d67,696bb787e00b9706f38e9c75,1,2026-01-17T22:27:04.968Z,0,0,0,0,0,0,0,0,0,30.052442960441113,0,false,0
696bbf7ee00b9706f38e9d6a,696bb787e00b9706f38e9c75,1,2026-01-17T22:27:34.490Z,0,0,0,0,0,0,0,2.389982894062996,1006.2147195456779,27.57435216009617,0,false,0
696bbf9ce00b9706f38e9d6d,696bb787e00b9706f38e9c75,1,2026-01-17T22:28:04.740Z,0,0,0,0,0,7,168,16.36992336064577,784.9144052675068,13.678149834275246,0,false,0
696bbfbae00b9706f38e9d70,696bb787e00b9706f38e9c75,1,2026-01-17T22:28:34.716Z,0,0,0,0,0,4,84,8.383958578109741,826.8262636395143,21.6343011893332,0,false,0
696bbfdae00b9706f38e9d73,696bb787e00b9706f38e9c75,1,2026-01-17T22:29:06.855Z,0,0,0,0,0,0,0,0,277.6588493877862,29.935258500277996,0,false,0
696bd796e17a5b0f1bb5a935,696bb91be00b9706f38e9c9c,1,2026-01-18T00:10:22.237Z,3,1,2,2.8732712008059025,10,0,0,2.456814870238304,10476.771374375134,27.565380677580833,13.173820201307535,false,0
696bd7cfe17a5b0f1bb5a93b,696bb91be00b9706f38e9c9c,2,2026-01-18T00:11:19.121Z,3,0,3,2.847350098192692,8,0,0,0,9029.775361966782,32.141916904598475,1.9045292995870113,false,0
696bd7ede17a5b0f1bb5a93e,696bb91be00b9706f38e9c9c,2,2026-01-18T00:11:49.235Z,0,0,0,0.6484547071158886,1,0,0,0,12812.145429997427,30.100761123001575,4.579605482518673,false,0
696bd80be17a5b0f1bb5a941,696bb91be00b9706f38e9c9c,2,2026-01-18T00:12:19.151Z,0,0,0,0.3774625062942505,3,0,0,0,12380.818611797558,29.959384821355343,4.623926717787981,false,0
696bd829e17a5b0f1bb5a944,696bb91be00b9706f38e9c9c,2,2026-01-18T00:12:49.129Z,1,0,1,3.8430387191474438,14,5,110.83333333333331,10.3545399941504,6065.772947508083,19.597003426402807,0.5840758979320526,false,0
696bd847e17a5b0f1bb5a947,696bb91be00b9706f38e9c9c,2,2026-01-18T00:13:19.109Z,0,0,0,0.7459289021790028,8,3,66.5,10.02542707324028,5758.706647275124,19.995534744113684,2.164504822343588,false,0
696bd865e17a5b0f1bb5a94a,696bb91be00b9706f38e9c9c,2,2026-01-18T00:13:49.135Z,0,0,0,0,0,4,88.66666666666666,12.483201522380114,6466.080710538495,17.499294474720955,2.449046891182661,false,0
696bd883e17a5b0f1bb5a94d,696bb91be00b9706f38e9c9c,2,2026-01-18T00:14:19.208Z,1,1,0,0.2611512020230293,3,3,66.5,14.591534100472927,9901.124301696591,15.485614597797394,4.847159791737795,false,0
696bd8a1e17a5b0f1bb5a950,696bb91be00b9706f38e9c9c,2,2026-01-18T00:14:49.091Z,0,0,0,0,0,0,0,8.827519055455923,11908.264234406977,21.084067534655333,17.456732884049416,false,0
696bd8ebe17a5b0f1bb5a956,696bb91be00b9706f38e9c9c,2,2026-01-18T00:16:03.706Z,1,0,1,2.022381901741028,12,0,0,0,12214.81785806048,32.168062292039394,16.8047303147614,false,0
696bd909e17a5b0f1bb5a959,696bb91be00b9706f38e9c9c,2,2026-01-18T00:16:33.650Z,3,1,2,0.6259726919233799,11,0,0,0,12043.343489642657,29.998033981770277,0.45975660160183907,false,0
696bd927e17a5b0f1bb5a95c,696bb91be00b9706f38e9c9c,2,2026-01-18T00:17:03.691Z,2,1,1,0.4535241983830929,7,2,44.33333333333333,10.93125006556511,8439.273088477972,19.066867016255856,0.40257930010557175,false,0
696bd945e17a5b0f1bb5a95f,696bb91be00b9706f38e9c9c,2,2026-01-18T00:17:33.716Z,0,0,0,0,0,3,44.33333333333333,6.119944777339697,8022.015976146274,23.88729978352785,0,false,0
696bd963e17a5b0f1bb5a962,696bb91be00b9706f38e9c9c,2,2026-01-18T00:18:03.668Z,1,1,0,2.233612697571516,15,5,88.66666666666666,7.978319723159075,8119.705688098185,22.022316820919514,4.106649100780487,false,0
696bd981e17a5b0f1bb5a965,696bb91be00b9706f38e9c9c,2,2026-01-18T00:18:33.790Z,3,3,0,1.128034196794033,8,4,88.66666666666666,10.376679819077253,7820.754187296383,19.66668189689517,0.9609619043767452,false,0
696bd99fe17a5b0f1bb5a968,696bb91be00b9706f38e9c9c,2,2026-01-18T00:19:03.703Z,4,4,0,2.249698307365179,14,0,0,0,12440.678402475227,29.942229758948088,5.8290900811553,false,0
696bd9bde17a5b0f1bb5a96b,696bb91be00b9706f38e9c9c,2,2026-01-18T00:19:33.667Z,0,0,0,0,0,7,155.16666666666663,9.912521310150623,7802.062263221816,20.111748296767473,5.626740787178278,false,0
696bd9dbe17a5b0f1bb5a96e,696bb91be00b9706f38e9c9c,2,2026-01-18T00:20:03.710Z,0,0,0,0,0,5,110.83333333333331,12.394060898572206,6125.675204807151,17.580845151096582,2.37917198613286,false,0
696bda0ce17a5b0f1bb5a974,696bb91be00b9706f38e9c9c,3,2026-01-18T00:20:52.872Z,0,0,0,0,0,0,0,0,10776.073021218857,32.225336499512196,5.983128301799297,false,0
696bda2ae17a5b0f1bb5a977,696bb91be00b9706f38e9c9c,3,2026-01-18T00:21:22.986Z,0,0,0,0,0,0,0,0,12002.856254088647,29.99091661348939,0,false,0
696bda48e17a5b0f1bb5a97a,696bb91be00b9706f38e9c9c,3,2026-01-18T00:21:52.855Z,0,0,0,0,0,0,0,0,10411.665549117026,29.995675690472126,7.575581189244986,false,0
696bda82e17a5b0f1bb5a980,696bb91be00b9706f38e9c9c,3,2026-01-18T00:22:50.508Z,2,1,1,1.3552643954753876,13,5,65.33333333333334,6.179649084806442,10688.338251365234,25.952972900122404,6.938657991588116,false,0
696bdaa0e17a5b0f1bb5a983,696bb91be00b9706f38e9c9c,3,2026-01-18T00:23:20.543Z,4,1,3,1.2647310979664326,19,0,0,0,13216.682276552576,30.00118612498045,8.80919237062335,false,0
696bdabee17a5b0f1bb5a986,696bb91be00b9706f38e9c9c,3,2026-01-18T00:23:50.492Z,0,0,0,0.16396620124578476,3,0,0,0,12865.835764820093,30.006615061312914,2.2070315927267075,false,0
696bdafbe17a5b0f1bb5a996,696bb91be00b9706f38e9c9c,3,2026-01-18T00:24:51.096Z,3,0,3,4.585596811026335,22,0,0,0,11175.878112665032,32.243768218904734,1.1375382952392101,false,0
696bdb19e17a5b0f1bb5a999,696bb91be00b9706f38e9c9c,3,2026-01-18T00:25:21.167Z,1,0,1,0.45814550668001175,3,2,32.66666666666667,11.462197575718164,9446.88709951193,18.520406007766724,1.141924787312746,false,0
696bdb37e17a5b0f1bb5a99c,696bb91be00b9706f38e9c9c,3,2026-01-18T00:25:51.102Z,0,0,0,0.7291173040866852,5,6,98.00000000000003,13.681782573461533,7451.696726882126,16.324068393558264,1.1300722025334835,false,0
696bdb55e17a5b0f1bb5a9a8,696bb91be00b9706f38e9c9c,3,2026-01-18T00:26:21.090Z,1,1,0,1.4381086118519306,6,1,16.333333333333336,3.1030254997313023,12977.733072664698,26.894041396677494,11.101217579096556,false,0
696bdb7ce17a5b0f1bb5a9ae,696bb0538f7ebf2f61ad3826,1,2026-01-18T00:27:00.491Z,3,1,2,1.0323181971907616,17,0,0,3.0591587014496326,11369.662725534075,28.96241980418563,2.830874800682068,false,0
696bdb97e17a5b0f1bb5a9b1,696bb91be00b9706f38e9c9c,3,2026-01-18T00:27:27.181Z,0,0,0,0.31717899441719055,0,0,0,0,946.3426481036155,32.30966413766146,0,false,0
696bdb9ae17a5b0f1bb5a9b4,696bb0538f7ebf2f61ad3826,1,2026-01-18T00:27:30.521Z,3,1,2,1.5404138006269932,11,0,0,0,10562.589393908136,30.010750096291304,0,false,0
696bdbb5e17a5b0f1bb5a9b7,696bb91be00b9706f38e9c9c,3,2026-01-18T00:27:57.033Z,1,1,0,0.30674879997968674,2,0,0,0,11079.36152423193,29.843632604926825,7.366364017128944,false,0
696bdbb8e17a5b0f1bb5a9ba,696bb0538f7ebf2f61ad3826,1,2026-01-18T00:28:00.507Z,0,0,0,0,0,3,49.00000000000001,7.060064900666475,10413.545193322127,22.942020796239376,4.495725002139807,false,0
696bdbd2e17a5b0f1bb5a9bd,696bb91be00b9706f38e9c9c,3,2026-01-18T00:28:26.973Z,0,0,0,0,0,12,179.66666666666674,18.263295494019985,4830.367185004369,11.71866524592042,0,false,0
696bdbd6e17a5b0f1bb5a9c0,696bb0538f7ebf2f61ad3826,1,2026-01-18T00:28:30.522Z,2,2,0,1.710828099399805,3,4,65.33333333333334,6.151092499494553,7645.687333570529,23.855246100574732,0,false,0
696bdbf1e17a5b0f1bb5a9c3,696bb91be00b9706f38e9c9c,3,2026-01-18T00:28:57.008Z,1,1,0,0,4,0,0,0,12099.891068991981,30.026468072086573,11.562515702098608,false,0
696bdbf4e17a5b0f1bb5a9c6,696bb0538f7ebf2f61ad3826,1,2026-01-18T00:29:00.628Z,1,1,0,0.03441120311617851,2,2,32.66666666666667,10.076233796775341,6641.738518300975,19.904089599847794,2.681864697486162,false,0
696bdc0fe17a5b0f1bb5a9c9,696bb91be00b9706f38e9c9c,3,2026-01-18T00:29:27.038Z,2,1,1,0.9181554056704044,8,3,49.00000000000001,3.35382529348135,11402.358025193374,26.652652576565742,2.7320079170167446,false,0
696bdc12e17a5b0f1bb5a9cc,696bb0538f7ebf2f61ad3826,1,2026-01-18T00:29:30.516Z,2,2,0,3.1172278001904488,7,0,0,0,8007.595032360318,30.017605796456337,0.9489750005304813,false,0
696bdc30e17a5b0f1bb5a9d2,696bb0538f7ebf2f61ad3826,1,2026-01-18T00:30:00.536Z,1,0,1,1.6812786012887955,3,4,65.33333333333334,4.752293098717928,10891.87227232547,25.24138530343771,6.825818296521902,false,0
696bdc4ee17a5b0f1bb5a9d5,696bb0538f7ebf2f61ad3826,1,2026-01-18T00:30:30.640Z,2,0,2,1.5193107016384602,8,0,0,2.5174227990210056,10733.360009921202,27.49083000421524,5.090964902192354,false,0
696bdc55e17a5b0f1bb5a9d8,696bb91be00b9706f38e9c9c,1,2026-01-18T00:30:37.392Z,3,2,1,0.9330879040062428,7,0,0,0,7391.652053076195,32.16115478798747,0,false,0
696bdc6ce17a5b0f1bb5a9db,696bb0538f7ebf2f61ad3826,1,2026-01-18T00:31:00.505Z,2,1,1,0.4793637990951538,3,8,130.6666666666667,11.718817196786404,6872.396695836053,18.276104904711246,0,false,0
696bdc73e17a5b0f1bb5a9de,696bb91be00b9706f38e9c9c,1,2026-01-18T00:31:07.421Z,0,0,0,0.50548430159688,0,0,0,0,8345.939473137456,30.01540208235383,7.414116993546486,false,0
696bdc8ae17a5b0f1bb5a9e1,696bb0538f7ebf2f61ad3826,1,2026-01-18T00:31:30.511Z,0,0,0,0,0,4,65.33333333333334,7.432980500161648,7870.216788899929,22.55734710022807,0,false,0
696bdc91e17a5b0f1bb5a9e4,696bb91be00b9706f38e9c9c,1,2026-01-18T00:31:37.511Z,0,0,0,0,0,3,84,5.268061101436615,9667.917414549118,24.7237812243402,2.1210121139883995,false,0
696bdca8e17a5b0f1bb5a9e7,696bb0538f7ebf2f61ad3826,1,2026-01-18T00:32:00.515Z,2,1,1,0.40311190113425255,4,0,0,0,10750.490935323716,30.00681560114026,0,false,0
696bdcafe17a5b0f1bb5a9ea,696bb91be00b9706f38e9c9c,1,2026-01-18T00:32:07.403Z,1,1,0,0.7313890010118484,3,0,0,0,13205.629788730063,29.995153941214085,12.205859746783972,false,0
696bdcc6e17a5b0f1bb5a9ed,696bb0538f7ebf2f61ad3826,1,2026-01-18T00:32:30.531Z,0,0,0,0,3,2,32.66666666666667,2.0693478994071484,10837.245606322993,27.92723410204053,0,false,0
696bdccde17a5b0f1bb5a9f0,696bb91be00b9706f38e9c9c,1,2026-01-18T00:32:37.410Z,1,0,1,1.023477602750063,12,3,84,4.01555509865284,10356.003818274505,25.998794719576836,4.661300305277109,false,0
696bdce4e17a5b0f1bb5a9f3,696bb0538f7ebf2f61ad3826,1,2026-01-18T00:33:00.577Z,1,0,1,0.15635090321302414,2,2,32.66666666666667,10.401969999074936,4798.658631933268,19.602026600390673,2.999844301491976,false,0
696bdcebe17a5b0f1bb5a9f6,696bb91be00b9706f38e9c9c,1,2026-01-18T00:33:07.406Z,1,1,0,0.2601913996040821,3,5,140,10.164507418870926,9129.602868352742,19.81936441361904,5.427226088941097,false,0
696bdd02e17a5b0f1bb5a9f9,696bb0538f7ebf2f61ad3826,1,2026-01-18T00:33:30.525Z,1,1,0,0.1849674992263317,2,20,66,17.69948359206319,5802.253370054036,12.297917902469635,0.8651963993906975,false,0
696bdd09e17a5b0f1bb5a9fc,696bb91be00b9706f38e9c9c,1,2026-01-18T00:33:37.431Z,0,0,0,0,0,1,28,4.813262723386288,8201.745146894153,25.202230017632246,6.596373099833727,false,0
696bdd20e17a5b0f1bb5a9ff,696bb0538f7ebf2f61ad3826,1,2026-01-18T00:34:00.526Z,0,0,0,0,0,21,60,25.12721700593829,4603.556568535612,4.882580496370792,0,false,0
696bdd27e17a5b0f1bb5aa02,696bb91be00b9706f38e9c9c,1,2026-01-18T00:34:07.478Z,2,2,0,0.6268374994397163,6,3,84,3.1274655014276505,11032.051793566017,26.881432067602873,0.46866530552506447,false,0
696bdd3ee17a5b0f1bb5aa05,696bb0538f7ebf2f61ad3826,1,2026-01-18T00:34:30.497Z,2,1,1,0.9593561999499798,4,0,0,0,10597.082768189408,29.981681998819113,0,false,0
696bdd45e17a5b0f1bb5aa08,696bb91be00b9706f38e9c9c,1,2026-01-18T00:34:37.395Z,1,1,0,0.7802110016345978,5,6,140,8.015472408384085,9520.033636902524,21.961138907819986,2.128282494843006,false,0
696bdd5ce17a5b0f1bb5aa0b,696bb0538f7ebf2f61ad3826,1,2026-01-18T00:35:00.511Z,2,2,0,2.3418187014758587,4,0,0,0,10587.287440803495,30.004079900681973,2.9726083017885685,false,0
696bdd63e17a5b0f1bb5aa0e,696bb91be00b9706f38e9c9c,1,2026-01-18T00:35:07.437Z,2,2,0,1.4322267957031727,8,2,56,4.73702509701252,9617.62832734273,25.274936500936747,2.5621088072657585,false,0
696bdd7ae17a5b0f1bb5aa11,696bb0538f7ebf2f61ad3826,1,2026-01-18T00:35:30.615Z,1,1,0,5.07107400149107,3,4,112,10.019873794168234,7116.093659615916,19.979078005999327,2.2022040002048016,false,0
696bdd81e17a5b0f1bb5aa14,696bb91be00b9706f38e9c9c,1,2026-01-18T00:35:37.406Z,0,0,0,0.5565618053078651,0,8,224,18.842573031783104,3977.281065590721,11.144507300108671,0,false,0
696bdd98e17a5b0f1bb5aa1a,696bb0538f7ebf2f61ad3826,1,2026-01-18T00:36:00.525Z,0,0,0,0,0,4,56,4.852567702531815,9762.976136176474,25.146132294088602,7.141043700277805,false,0
696bddb6e17a5b0f1bb5aa1d,696bb0538f7ebf2f61ad3826,1,2026-01-18T00:36:30.513Z,0,0,0,3.1482219994068146,0,4,84,4.531275000423193,4422.577129273761,25.467749796807766,1.9500641971826553,false,0
696bddbde17a5b0f1bb5aa20,696bb91be00b9706f38e9c9c,1,2026-01-18T00:36:37.105Z,0,0,0,0.39199889823794365,0,0,0,0,13120.143686819587,32.17023826390505,7.52841679006815,false,0
696bddd4e17a5b0f1bb5aa23,696bb0538f7ebf2f61ad3826,1,2026-01-18T00:37:00.502Z,2,1,1,0,4,4,112,15.479805901646614,6582.701049019032,14.526547901332378,6.17363590374589,false,0
696bdddbe17a5b0f1bb5aa26,696bb91be00b9706f38e9c9c,1,2026-01-18T00:37:07.046Z,0,0,0,0.5471540056169033,0,0,0,0,12587.299472362234,29.976102862507105,1.4668803960084915,false,0
696bddf9e17a5b0f1bb5aa29,696bb91be00b9706f38e9c9c,1,2026-01-18T00:37:37.043Z,0,0,0,0,0,2,56,11.544102162122726,9518.06161828204,18.457954492419958,0,false,0
696bde05e17a5b0f1bb5aa2f,696bb0538f7ebf2f61ad3826,3,2026-01-18T00:37:49.910Z,5,2,3,0.23453180119395256,13,0,0,0,12242.8495233474,32.02831370383501,3.90655479952693,false,0
696bde23e17a5b0f1bb5aa32,696bb0538f7ebf2f61ad3826,3,2026-01-18T00:38:19.903Z,3,2,1,0.8909952007234097,6,0,0,0,10515.825405318978,30.00301330164075,0,false,0
696bde2fe17a5b0f1bb5aa35,696bb91be00b9706f38e9c9c,1,2026-01-18T00:38:31.235Z,0,0,0,1.8469153083860874,4,0,0,5.473106000572443,12033.397044079384,26.667945135384798,8.90305707976222,false,0
696bde41e17a5b0f1bb5aa38,696bb0538f7ebf2f61ad3826,3,2026-01-18T00:38:49.990Z,0,0,0,0,0,7,114.33333333333337,19.496973503381014,4996.358439647893,10.496546596288681,0,false,0
696bde4de17a5b0f1bb5aa3e,696bb91be00b9706f38e9c9c,1,2026-01-18T00:39:01.261Z,0,0,0,0,0,2,56,4.995458789169788,9541.889486479084,25.01214035972953,0,false,0
696bde6ee17a5b0f1bb5aa44,696bb0538f7ebf2f61ad3826,3,2026-01-18T00:39:34.167Z,4,2,2,0.592373501509428,10,0,0,0,15148.04304948309,32.025813300162554,12.776354603469372,false,0
696bde8ce17a5b0f1bb5aa47,696bb0538f7ebf2f61ad3826,3,2026-01-18T00:40:04.243Z,2,1,1,1.683771900832653,6,0,0,0,11376.744119688397,30.00928270071745,0,false,0
696bdeaae17a5b0f1bb5aa4a,696bb0538f7ebf2f61ad3826,3,2026-01-18T00:40:34.179Z,0,0,0,0,0,5,81.66666666666669,11.809612601995468,7772.233664738366,18.19251039624214,1.2373129986226559,false,0
696bdec8e17a5b0f1bb5aa4d,696bb0538f7ebf2f61ad3826,3,2026-01-18T00:41:04.159Z,3,1,2,2.5341380946338177,5,3,49.00000000000001,3.949024099856615,6685.457155328823,26.04272210225463,0.5651603005826473,false,0
696bdee6e17a5b0f1bb5aa50,696bb0538f7ebf2f61ad3826,3,2026-01-18T00:41:34.162Z,2,1,1,0.2784614972770214,4,5,81.66666666666669,8.35023720189929,9809.43342796885,21.648821998387575,2.599040701985359,false,0
696bdf04e17a5b0f1bb5aa53,696bb0538f7ebf2f61ad3826,3,2026-01-18T00:42:04.168Z,1,1,0,0.6266143023967743,4,0,0,5.365939099341631,12407.265319723178,24.635738600045443,14.360847499221563,false,0
696bdf22e17a5b0f1bb5aa56,696bb0538f7ebf2f61ad3826,3,2026-01-18T00:42:34.166Z,2,2,0,0.46750710159540176,4,0,0,0,13835.95245409882,30.008789598941803,15.62403329834342,false,0
696bdf5de17a5b0f1bb5aa5c,696bb0538f7ebf2f61ad3826,3,2026-01-18T00:43:33.039Z,2,1,1,2.059944100677967,4,0,0,0,9282.748281835658,32.03504199907184,3.871075700968504,false,0
696bdf7be17a5b0f1bb5aa5f,696bb0538f7ebf2f61ad3826,3,2026-01-18T00:44:03.023Z,3,0,3,1.0433528050780296,12,4,65.33333333333334,5.721696101129055,11514.759005581389,24.26821120083332,9.216002397239208,false,0
696bdf99e17a5b0f1bb5aa62,696bb0538f7ebf2f61ad3826,3,2026-01-18T00:44:33.032Z,1,0,1,0,4,4,65.33333333333334,15.46098679304123,5017.617541136268,14.538196105509996,3.990641299635172,false,0
696bdfb7e17a5b0f1bb5aa65,696bb0538f7ebf2f61ad3826,3,2026-01-18T00:45:03.041Z,2,2,0,0,4,8,130.6666666666667,11.425975900143385,9145.634663908937,18.578126199543476,8.406725104898214,false,0
696bdfd5e17a5b0f1bb5aa68,696bb0538f7ebf2f61ad3826,3,2026-01-18T00:45:33.083Z,1,1,0,0.08993479982018471,1,0,0,1.2155673988163471,7978.535227374943,28.786275301128626,8.118836101144552,false,0
696bdff3e17a5b0f1bb5aa6b,696bb0538f7ebf2f61ad3826,3,2026-01-18T00:46:03.200Z,2,0,2,1.9524190947413445,8,0,0,0,11612.286835481207,30.00829429924488,4.286417003720999,false,0
696be01fe17a5b0f1bb5aa6e,696bb0538f7ebf2f61ad3826,2,2026-01-18T00:46:47.797Z,3,0,3,0.9741164967417717,8,0,0,0,13368.761866153995,32.030486702919006,16.46594499796629,false,0
696be03de17a5b0f1bb5aa71,696bb0538f7ebf2f61ad3826,2,2026-01-18T00:47:17.797Z,0,0,0,2.291126698255539,0,2,44.33333333333333,4.320671405643225,11164.251100903984,25.681167498230934,4.94333989918232,false,0
696be05be17a5b0f1bb5aa80,696bb0538f7ebf2f61ad3826,2,2026-01-18T00:47:47.809Z,1,0,1,0.08865189924836159,3,8,177.3333333333333,12.292198102921247,3502.9897050897316,17.704179994761944,3.6942297965288162,false,0
696be07be17a5b0f1bb5aa83,696bb0538f7ebf2f61ad3826,2,2026-01-18T00:48:19.011Z,0,0,0,0,0,6,110.83333333333331,7.595526799559593,11816.365512706276,22.412684697657824,16.879366606473923,false,0
696be098e17a5b0f1bb5aa86,696bb0538f7ebf2f61ad3826,2,2026-01-18T00:48:48.811Z,7,4,3,0.7311187945306301,13,0,0,0,14138.841341119016,29.993266597390175,12.913876697421074,false,0
696be0b6e17a5b0f1bb5aa8c,696bb0538f7ebf2f61ad3826,2,2026-01-18T00:49:18.825Z,1,1,0,0.03919120132923126,2,0,0,0.9933862015604973,13421.857291302606,29.013976704329252,11.661650601774454,false,0
696be0d4e17a5b0f1bb5aa8f,696bb0538f7ebf2f61ad3826,2,2026-01-18T00:49:48.904Z,2,1,1,0.019198797643184662,4,5,110.83333333333331,7.415303401648998,9964.107502700665,22.578639198094606,6.411675903946161,false,0
696be10ee17a5b0f1bb5aa95,696bb0538f7ebf2f61ad3826,2,2026-01-18T00:50:46.422Z,3,1,2,1.809665210545063,7,0,0,0,12874.173834828767,32.033484399318695,8.302108101546764,false,0
696be12ce17a5b0f1bb5aa98,696bb0538f7ebf2f61ad3826,2,2026-01-18T00:51:16.512Z,2,1,1,0.22016169875860214,5,0,0,0,11873.17868667926,29.995585396885872,1.9735559970140457,false,0
696be14be17a5b0f1bb5aa9b,696bb0538f7ebf2f61ad3826,2,2026-01-18T00:51:47.828Z,2,1,1,2.672298502177,4,0,0,0,9117.045387644974,30.009356796741486,2.7246559001505375,false,0
696be16ae17a5b0f1bb5aa9e,696bb0538f7ebf2f61ad3826,2,2026-01-18T00:52:18.868Z,0,0,0,0,0,0,0,0,11085.426646934018,29.988042399287224,2.2010810002684593,false,0
696be192e17a5b0f1bb5aaa1,696bb0538f7ebf2f61ad3826,2,2026-01-18T00:52:58.410Z,1,0,1,2.347757201641798,5,0,0,0,10441.960642776821,30.01181200146675,0,false,0
696be1b0e17a5b0f1bb5aaa4,696bb0538f7ebf2f61ad3826,2,2026-01-18T00:53:28.482Z,1,0,1,0.3117724023759365,4,9,177.3333333333333,9.670311700552702,9264.734524886504,20.318276897072792,2.8907414972782135,false,0
696be1cee17a5b0f1bb5aaa7,696bb0538f7ebf2f61ad3826,2,2026-01-18T00:53:58.405Z,2,1,1,0.4121895991265774,5,7,110.83333333333331,12.937031898647547,8660.300920647238,17.064193800091743,6.6800820007920265,false,0
696be1ece17a5b0f1bb5aaaa,696bb0538f7ebf2f61ad3826,2,2026-01-18T00:54:28.442Z,2,1,1,0.3127600997686386,4,4,88.66666666666666,6.9633926041424274,9015.859557123951,23.047621596604586,10.517523795366287,false,0
696be20ce17a5b0f1bb5aaad,696bb0538f7ebf2f61ad3826,2,2026-01-18T00:55:00.022Z,3,2,1,1.0980395004153252,12,0,0,0,11467.179188848284,29.996111799031496,7.225446999073029,false,0
696c71e923a2a793104e6e26,696c71a323a2a793104e6e18,3,2026-01-18T11:08:49.916Z,0,0,0,0,0,0,0,3.020446300506592,11596.965566350262,29.00135339796543,0,false,0
696c720723a2a793104e6e29,696c71a323a2a793104e6e18,3,2026-01-18T11:09:19.603Z,0,0,0,6.57948449626565,8,0,0,0,7933.328141482799,30.003093902021646,0,false,0
696c722523a2a793104e6e2c,696c71a323a2a793104e6e18,3,2026-01-18T11:09:49.619Z,0,0,0,8.04196909815073,8,0,0,0,7618.925736583249,30.016478199511766,0,false,0
696c724323a2a793104e6e2f,696c71a323a2a793104e6e18,3,2026-01-18T11:10:19.732Z,2,1,1,3.7826505936682224,8,0,0,0,10688.000186087012,29.9844474978745,0,false,0
696c726123a2a793104e6e32,696c71a323a2a793104e6e18,3,2026-01-18T11:10:49.619Z,0,0,0,0,0,4,88.66666666666666,17.216753594577312,6988.198044370919,12.795352905988693,0,false,0
696c729e23a2a793104e6e38,696c71a323a2a793104e6e18,3,2026-01-18T11:11:50.541Z,1,0,1,5.722196701914072,4,0,0,5.230572000145912,8259.016556649807,26.80607460066676,0,false,0
696c72bc23a2a793104e6e3b,696c71a323a2a793104e6e18,3,2026-01-18T11:12:20.389Z,0,0,0,0,0,13,106.66666666666666,15.35916930064559,7392.665750179254,14.638214498758316,0,false,0
696c72fa23a2a793104e6e41,696c71a323a2a793104e6e18,3,2026-01-18T11:13:22.085Z,0,0,0,0,0,0,0,7.1203439980745316,9415.924087087562,24.92055970057845,0,false,0
696c731823a2a793104e6e44,696c71a323a2a793104e6e18,3,2026-01-18T11:13:52.072Z,1,0,1,5.0602112002670765,1,0,0,0,9894.321156435279,29.995096299797297,0,false,0
696c733623a2a793104e6e47,696c71a323a2a793104e6e18,3,2026-01-18T11:14:22.076Z,0,0,0,1.4498027972877026,0,0,0,2.9721764028072357,10997.10935126469,27.022812698036432,0,false,0
696c735423a2a793104e6e4a,696c71a323a2a793104e6e18,3,2026-01-18T11:14:52.072Z,0,0,0,0,0,0,0,0,10480.19430289177,29.993105199187994,0,false,0
696c737223a2a793104e6e4d,696c71a323a2a793104e6e18,3,2026-01-18T11:15:22.161Z,0,0,0,0,0,5,81.66666666666669,11.091859001666307,7044.072992092644,18.907433599233627,0,false,0
696c739023a2a793104e6e50,696c71a323a2a793104e6e18,3,2026-01-18T11:15:52.142Z,1,1,0,2.229960598051548,3,0,0,7.147501200437546,9216.564461164473,22.86072539910674,0,false,0
696c73c823a2a793104e6e56,696c71a323a2a793104e6e18,3,2026-01-18T11:16:48.519Z,1,0,1,4.178784500807524,3,0,0,2.525958999991417,10122.095902676596,29.51472970098257,6.834758196026087,false,0
696c73e623a2a793104e6e59,696c71a323a2a793104e6e18,3,2026-01-18T11:17:18.525Z,3,0,3,9.21141880005598,5,0,0,0,7942.6621422448125,30.001844696700573,2.2762797996401787,false,0
696c740e23a2a793104e6e5c,696c71a323a2a793104e6e18,1,2026-01-18T11:17:58.233Z,1,0,1,2.1423635967075825,2,0,0,0,11013.426300836989,29.99860569834709,5.116220500320196,false,0
696c742c23a2a793104e6e5f,696c71a323a2a793104e6e18,1,2026-01-18T11:18:28.208Z,2,1,1,3.4526530988514423,2,0,0,0,11511.570224974228,29.989144902676344,10.238268502056599,false,0
696c744a23a2a793104e6e62,696c71a323a2a793104e6e18,1,2026-01-18T11:18:58.162Z,2,1,1,12.083172000944614,6,0,0,0,6238.022656274558,30.0118873976171,4.5793610997498035,false,0
696c746823a2a793104e6e65,696c71a323a2a793104e6e18,1,2026-01-18T11:19:28.210Z,3,2,1,6.1726751029491425,4,0,0,0,7151.240904809297,29.985199205577374,5.854867499321699,false,0
696c748623a2a793104e6e68,696c71a323a2a793104e6e18,1,2026-01-18T11:19:58.170Z,3,1,2,2.3199863955378532,3,0,0,0,12677.790164712736,29.997037693858147,13.13023330271244,false,0
696c74a423a2a793104e6e6b,696c71a323a2a793104e6e18,1,2026-01-18T11:20:28.146Z,0,0,0,0,0,8,130.6666666666667,17.52946389839053,6398.9722563367895,12.479195706546307,3.4811473973095417,false,0
696c74c223a2a793104e6e6e,696c71a323a2a793104e6e18,1,2026-01-18T11:20:58.140Z,3,2,1,9.431834600865841,3,0,0,0,6241.78133552739,30.002946000546217,2.7457571998238564,false,0
696c74e023a2a793104e6e71,696c71a323a2a793104e6e18,1,2026-01-18T11:21:28.183Z,1,0,1,10.183885902166367,2,0,0,0,8678.890735809102,29.991180505603552,3.31350089982152,false,0
696c74fe23a2a793104e6e74,696c71a323a2a793104e6e18,1,2026-01-18T11:21:58.144Z,1,0,1,1.8887459002435207,1,7,114.33333333333337,21.32805959880352,2316.6204213790083,8.68726859986782,0,false,0
696c751e23a2a793104e6e77,696c71a323a2a793104e6e18,1,2026-01-18T11:22:30.789Z,1,1,0,5.382890097796917,1,1,16.333333333333336,3.5956589989364147,9434.171324407582,26.404663294553757,10.530475001782179,false,0
696c753c23a2a793104e6e7a,696c71a323a2a793104e6e18,1,2026-01-18T11:23:00.668Z,1,0,1,1.6427018009126186,1,5,65.33333333333334,8.514284402132034,6965.212621184351,21.46682369709015,2.553494904190302,false,0
696c755a23a2a793104e6e7d,696c71a323a2a793104e6e18,1,2026-01-18T11:23:30.684Z,3,3,0,5.53855349868536,3,0,0,0,10854.2820485817,30.004241298884153,11.349786795675755,false,0
696c757823a2a793104e6e80,696c71a323a2a793104e6e18,1,2026-01-18T11:24:00.886Z,0,0,0,2.1572230011224747,3,7,114.33333333333337,19.09944250434637,3719.6068999783256,10.897893000394106,1.5504735000431538,false,0
696c759623a2a793104e6e83,696c71a323a2a793104e6e18,1,2026-01-18T11:24:30.654Z,2,1,1,2.8644170984625816,4,4,65.33333333333334,8.486820299178362,8572.628062114089,21.516646198928356,7.0072627030313015,false,0
696c75b423a2a793104e6e86,696c71a323a2a793104e6e18,1,2026-01-18T11:25:00.638Z,2,1,1,3.031757403165102,6,4,49.00000000000001,9.058301098644733,7912.258022538051,20.944230798631907,6.740450397133827,false,0
696c75d223a2a793104e6e89,696c71a323a2a793104e6e18,1,2026-01-18T11:25:30.768Z,1,0,1,9.775254100561142,3,3,32.66666666666667,8.614323001354933,7995.7400598491495,21.388682302087545,11.31262619420886,false,0
696c75f023a2a793104e6e8c,696c71a323a2a793104e6e18,1,2026-01-18T11:26:00.693Z,2,2,0,3.726604100316763,4,4,65.33333333333334,10.276905599981546,6026.744864771234,19.72631209716201,4.148874595761299,false,0
696c760e23a2a793104e6e8f,696c71a323a2a793104e6e18,1,2026-01-18T11:26:30.684Z,2,1,1,8.076714098453522,3,8,130.6666666666667,10.902204401791096,3800.866855671437,19.10019699856639,0.7159513011574745,false,0
696c762c23a2a793104e6e92,696c71a323a2a793104e6e18,1,2026-01-18T11:27:00.783Z,5,1,4,7.6037194058299065,5,0,0,1.397070799022913,8582.754569901173,28.59264240041375,8.161014202982187,false,0
696c764a23a2a793104e6e95,696c71a323a2a793104e6e18,1,2026-01-18T11:27:30.647Z,0,0,0,9.083599902689457,6,5,65.33333333333334,7.56946099922061,5793.750679384353,22.43901400268078,3.1886321008205414,false,0
696c766c23a2a793104e6e98,696c71a323a2a793104e6e18,2,2026-01-18T11:28:04.100Z,1,0,1,1.3081618957221508,5,3,84,2.4872081987559795,10139.53006648209,27.502568501979113,5.747189298272133,false,0
696c768923a2a793104e6e9b,696c71a323a2a793104e6e18,2,2026-01-18T11:28:33.958Z,3,0,3,4.465984001755714,4,0,0,12.135012999176979,6838.73292912356,17.862067602574825,6.1225825026631355,false,0
696c76a723a2a793104e6e9e,696c71a323a2a793104e6e18,2,2026-01-18T11:29:03.981Z,2,1,1,2.0279654003679752,2,10,224,15.779134698212147,5554.344957106528,14.24190790578723,4.407394498586655,false,0
696c76c523a2a793104e6ea1,696c71a323a2a793104e6e18,2,2026-01-18T11:29:33.993Z,4,3,1,5.118547197431326,6,0,0,0,11382.738638993753,29.97550280019641,12.65925119817257,false,0
696c76e423a2a793104e6ea4,696c71a323a2a793104e6e18,2,2026-01-18T11:30:04.007Z,0,0,0,0,1,4,84,9.009625896811485,8864.682456795194,20.996805399656296,3.164890795946121,false,0
696c770123a2a793104e6ea7,696c71a323a2a793104e6e18,2,2026-01-18T11:30:33.994Z,4,2,2,8.399054199457169,6,0,0,1.1030902974307537,7873.972047254136,28.892820201814175,5.456684701144695,false,0
696c772123a2a793104e6eaa,696c71a323a2a793104e6e18,2,2026-01-18T11:31:05.356Z,0,0,0,0,0,1,28,1.3489860966801643,10010.565143363423,28.670202899724245,3.1167334988713264,false,0
696c773f23a2a793104e6ead,696c71a323a2a793104e6e18,2,2026-01-18T11:31:35.334Z,1,0,1,4.192298300564289,6,3,56,6.139895401895046,6292.9713683477985,23.845050301402807,0.3834805004298687,false,0
696c775d23a2a793104e6eb0,696c71a323a2a793104e6e18,2,2026-01-18T11:32:05.305Z,1,0,1,2.46287589892745,1,0,0,0,11510.613726899759,30.002081997692585,8.051246598362923,false,0
696c777b23a2a793104e6eb3,696c71a323a2a793104e6e18,2,2026-01-18T11:32:35.352Z,0,0,0,4.894612200558186,3,0,0,0,10503.958608428424,30.007561702281237,8.880701497197151,false,0
696c779923a2a793104e6eb6,696c71a323a2a793104e6e18,2,2026-01-18T11:33:05.314Z,1,1,0,2.8691459000110626,2,0,0,0,8555.571711957436,30.001195393502712,0,false,0
696c77b723a2a793104e6eb9,696c71a323a2a793104e6e18,2,2026-01-18T11:33:35.368Z,4,2,2,8.585992194712162,6,0,0,0,9289.914781486536,29.99576400220394,8.829558800905943,false,0
696c77d823a2a793104e6ebc,696c71a323a2a793104e6e18,2,2026-01-18T11:34:08.976Z,0,0,0,0.42644960060715675,0,10,61.66666666666667,14.410445597022772,7472.0677505246695,15.581152707338333,1.7937847003340721,false,0
696c77f723a2a793104e6ebf,696c71a323a2a793104e6e18,2,2026-01-18T11:34:39.037Z,4,2,2,11.035481799393892,10,6,20,2.914692498743534,6224.32317948754,27.09897280111909,3.0069182999432087,false,0
696c781623a2a793104e6ec2,696c71a323a2a793104e6e18,2,2026-01-18T11:35:10.299Z,1,1,0,1.6917216069996357,1,0,0,0,11332.406449613398,30.003482703119516,14.314911097288132,false,0
696c783423a2a793104e6ec5,696c71a323a2a793104e6e18,2,2026-01-18T11:35:40.228Z,3,0,3,9.197589103132486,7,5,88.66666666666666,5.633746199309826,5976.493822906765,24.348226599395275,2.522036399692297,false,0
696c785223a2a793104e6ec8,696c71a323a2a793104e6e18,2,2026-01-18T11:36:10.181Z,2,0,2,1.7020027041435242,5,0,0,0,10280.417218522163,30.000984203070402,11.017319206148386,false,0
